Keyword,Judul,Penulis,Email,Negara,DOI
Artificial Intelligence,Accuracy and evidence certainty of artificial intelligence models predicting dental implant outcomes: A systematic review and meta-analysis,Shilpa Sunil Khanna,rahul.tiwari@dpu.edu.in,India,10.1016/j.dentre.2026.100434
Artificial Intelligence,"A review of artificial intelligence in materials screening: Data, models, and applications in forensic science",Sahana Datta,aditya3.kar@adamasuniversity.ac.in,India,10.1016/j.nxmate.2026.102756
Artificial Intelligence,Multimodal artificial intelligence for cross-population prediction of major adverse cardiovascular events: A multi-cohort external validation study,I. Govindharaj,"michaelg.sse@saveetha.com, govindharaji@veltech.edu.in, drbharathe@veltech.edu.in, balamurugan.s@jainuniversity.ac.in, sathishkumarcse@mvit.edu.in",India,10.1016/j.ijci.2026.100003
Artificial Intelligence,"Multimodal artificial intelligence for early cancer detection via liquid biopsy, imaging, and clinical records",M. Rajesh,"rajesmano@gmail.com, simbu1887@gmail.com, sivabalan.rv@christuniversity.in, spa.cse@rmd.ac.in, m.usha@manipal.edu",India,10.1016/j.ibmed.2026.100395
Artificial Intelligence,Automation and optimization of desalination systems using artificial intelligence (AI) and machine learning (ML) techniques,Diyan Chokshi,manan.shah@spt.pdpu.ac.in,India,10.1016/j.clwat.2026.100239
Artificial Intelligence,Evolving landscapes of artificial intelligence in sports: Insights from scientometric and altmetric analyses,Arun Nambron,"ghazzali.mangaram.res@pondiuni.ac.in, ghazzali.mangaram@gmail.com, arunpavithran726@gmail.com, arunpavithran726@pondiuni.ac.in, 22sreerag@gmail.com, noufalibnukv70@gmail.com, drvasanthipu@pondiuni.ac.in, noufalibnukv70@pondiuni.ac.in, 22sreerag@pondiuni.ac.in",India,10.1016/j.ish.2026.02.002
Artificial Intelligence,Advancing waste management through explainable artificial intelligence for real-time detection and classification of bio-medical waste using faster mask recurrent convolutional neural networks,Somasundaram Kasiviswanathan,"somasundaramk@citchennai.net, shonak.e10103@cumail.in, kaur.gaganpreet@chitkara.edu.in, rashed@ukm.edu.my",India,10.1016/j.mtsust.2026.101410
Artificial Intelligence,Artificial intelligence for smart agriculture: Custom dataset based mobile-centric multimodal framework for controlling sugarcane pest attacks,Maheshkumar S,"maheshkumar.s2021@vitstudent.ac.in, shunmugaperumal.p@vit.ac.in",India,10.1016/j.atech.2026.102392
Artificial Intelligence,"Artificial intelligence assisted design of nanomedicines for colorectal cancer diagnosis and therapy: Advances, challenges, and future directions",Yogananthan Dhanapal,"sulekha.pharmacy@shanmugha.edu.in, anandathangadurai.pharmacy@shanmugha.edu.in, subashpharm@gmail.com, sridhar@shanmugha.edu.in",India,10.1016/j.ipha.2026.01.001
Artificial Intelligence,"A comprehensive review of multimodal artificial intelligence techniques in maritime surveillance using AIS, SAR, and optical data fusion",Sejal Hanmante,shrikrishna.kolhar@sitpune.edu.in,India,10.1016/j.array.2026.100931
Artificial Intelligence,Grass is always dark(<ce:italic>er</ce:italic>) on the other side: Exploring the dark side of artificial intelligence humanitarian supply chain operations,Abhishek Behl,"Abhishekbehl27@gmail.com, nirmasadamali@gmail.com, shikhab@iimsambalpur.ac.in, M.Roohanifar@mmu.ac.uk, pereira@neoma-bs.fr",India,10.1016/j.techfore.2025.124484
Artificial Intelligence,Artificial Intelligence-Based Applications in Perovskite Photovoltaic Cells,Usman Mohammed Saidu,monika.srivastava@sharda.ac.in,India,10.1016/j.chphi.2025.100988
Artificial Intelligence,"Can generative artificial intelligence enhance brand performance in tourism? A mixed-methods study integrating service-dominant logic, social exchange theory, and uncanny valley theory",Arunangshu Giri,"lim@wengmarc.com, arunangshu.giri@hithaldia.ac.in, sachin.kumar@plymouth.ac.uk, lindah@sunway.edu",India,10.1016/j.tmp.2025.101442
Artificial Intelligence,Energy-Efficient Lightweight Models for Green Artificial Intelligence in Language Technologies,Parmanand Yadav,ku.parmanandyadav@kalingauniversity.ac.in,India,10.1016/j.procs.2026.01.022
Artificial Intelligence,"The green paradox: The climate, environmental, and sustainability implications of artificial intelligence",Apoorva Chouksey,pradyumna.mishra@icmr.gov.in,India,10.1016/j.gecadv.2025.100029
Artificial Intelligence,Artificial intelligence and enabled technologies for neurological disorders: A narrative review and critical analysis,Keerthana Choudari,pramodrs@uohyd.ac.in,India,10.1016/j.imed.2025.12.004
Artificial Intelligence,Artificial intelligence for maxillofacial prosthodontics: A technological shift in craniofacial rehabilitation- a scoping review,Anupama Aradya,anupamac@jssuni.edu.in,India,10.1016/j.jobcr.2025.10.006
Artificial Intelligence,"Artificial intelligence-driven insights into silver-doped zinc ferrite (SI=25): Advancing biofilm control, drug delivery, and tissue engineering for cancer therapy",B. Jyothish,"john.jacob@mic.ac.in, jyothishb79@gmail.com",India,10.1016/j.nxnano.2025.100351
Artificial Intelligence,The role of artificial intelligence in predicting cancer immunotherapy response,Ravi Bhushan,"niteshigntu@gmail.com, tikam26070@gmail.com, tc.dakal@mlsu.ac.in",India,10.1016/j.oor.2025.100767
Artificial Intelligence,Unveiling the future of artificial intelligence in talent acquisition: A bibliometric analysis of emerging trends and future directions,Nishanthi B,"parthi.k85@gmail.com, hariharc@srmist.edu.in, harisraj7791@gmail.com, nishanthi2303@gmail.com",India,10.1016/j.sftr.2025.101410
Artificial Intelligence,Targeted nanotechnology in bone cancer: Integrating stimuli responsive drug delivery and artificial intelligence for personalized therapy,Pooja Dave,kiran.dudhat@rku.ac.in,India,10.1016/j.nwnano.2026.100182
Artificial Intelligence,Recent approaches of artificial intelligence in intensive care unit: A review,Ujwal Havelikar,nileshchaudharibpharm@sanjivani.org.in,India,10.1016/j.inhs.2025.100030
Artificial Intelligence,Enhancing healthcare worker mental health via artificial intelligence-driven work process improvements: a scoping review,Bhavyaa Dave,"tanchak@iitd.ac.in, dave@student.uq.edu.au, Saravana.Kumar@unisa.edu, priya.martin@unisq.edu.au, sharelsingh@gmail.com",India,10.1016/j.ijmedinf.2025.106122
Artificial Intelligence,Awareness of endodontists regarding the determination of root canal morphology and configuration using artificial intelligence,Mohd Irfan Ansari,"simranuppal2142@gmail.com, drshahnaz84@gmail.com, irfanansari77@live.in, nsingh@jmi.ac.in, amehta@jmi.ac.in, srastogi@jmi.ac.in",India,10.1016/j.jobcr.2025.09.014
Artificial Intelligence,The wheel of artificial intelligence governance,Nithin Monteiro,nithin@stu.xim.edu.in,India,10.1016/j.sftr.2025.101279
Artificial Intelligence,"A review on integrated machine learning and deep learning driven artificial intelligence models for pharmacokinetics and toxicokinetics predictions, and their application",Malarvannan M,"davidpaul@niperkolkata.ac.in, m.wahajuddin@bradford.ac.uk",India,10.1016/j.dmd.2026.100240
Artificial Intelligence,"A hybrid artificial intelligence approach for cardiovascular disease prediction using ensemble learning, neural networks, and interpretable models",Jeena Joseph,"jeena.joseph@mariancollege.org, jeenajoseph@klu.ac.in, k.kartheeban@klu.ac.in",India,10.1016/j.eij.2026.100943
Artificial Intelligence,"Lignocellulosic bioethanol production: a review on pretreatment strategies, biofuel separation, and artificial intelligence/machine learning − based sustainable optimization",V. Humera Farheen,ganeshmoorthy.i@vit.ac.in,India,10.1016/j.crbiot.2025.100355
Artificial Intelligence,Development and validation of the generative artificial intelligence appropriation (GAIA) Scale: A comprehensive measurement tool for assessing user engagement and utilisation,Puja Khatri,"pujakhatri@ipu.ac.in, mailashaat@gmail.com, atulshiva@gmail.com, harshleen.pahwa@gmail.com",India,10.1016/j.technovation.2025.103379
Artificial Intelligence,Artificial intelligence and robotics in intensive care units (ICUs): A review of critical care innovations,Nilesh Chaudhari,"nileshchaudharibpharm@sanjivani.org.in, nbchaudhari100@gmail.com",India,10.1016/j.inhs.2025.100010
Artificial Intelligence,Next-generation battery energy management systems in electric vehicles: An overview of artificial intelligence,Nayan Kumar,"kumar@geckhagaria.org.in, prabhansu@med.svnit.ac.in, nayansays@gmail.com, prabhansu.nitp@gmail.com",India,10.1016/j.fub.2025.100087
Artificial Intelligence,"Drivers of sustainable financial Consumerism: Exploring the impact of artificial intelligence, finfluencers, financial literacy, and product quality on sustainable development",Ashutosh Dash,"reachdrgiri@gmail.com, ashutosh@mdi.ac.in",India,10.1016/j.clrc.2025.100306
Artificial Intelligence,Artificial intelligence in predicting personalized nanocarrier formulations for herbal drugs: Bridging phytomedicine and precision nanotechnology,Duraisamy Sridhar,"subash.pharmacy@shanmugha.edu.in, sulekhakhunte@gmail.com, sulekhakhute.pharmacy@shanmugha.edu.in",India,10.1016/j.ipha.2025.08.001
Artificial Intelligence,Transforming financial documents into credit decisions using explainable artificial intelligence and optical character recognition,Sachin Malave,"khemanibharti23@gmail.com, omnandurkar105@apsit.edu.in, sanketnandurkar127@apsit.edu.in, ayushnayak141@apsit.edu.in, bjkhemani@apsit.edu.in, shmalave@apsit.edu.in, hrishitpatil021@gmail.com",India,10.1016/j.mex.2026.103962
Artificial Intelligence,Advancing public health through artificial intelligence in physiotherapy: a bibliometric analysis,Basil Hanafi,"gh2773@myamu.ac.in, gg4112@myamu.ac.in",India,10.1016/j.infoh.2025.05.001
Artificial Intelligence,Multi-class rail defect detection using advanced artificial intelligence,Ravikant Mordia,ravikant.me@mbm.ac.in,India,10.1016/j.hspr.2026.03.002
Artificial Intelligence,Robo-advisors in financial services: Redefining wealth management in the age of artificial intelligence,Janvi P. Shetty,poonamsingh@iimmumbai.ac.in,India,10.1016/j.finr.2026.100090
Artificial Intelligence,Enhancing cancer detection in medical imaging through federated learning and explainable artificial intelligence: A hybrid approach for optimized diagnostics,B. Karthiga,"karthiga.b@dsengg.ac.in, ramakrishnatk@gmail.com, dr.praneeth@apollouniversity.edu.in, saravananv.sse@saveetha.com",India,10.1016/j.eij.2025.100751
Artificial Intelligence,Artificial intelligence in global neurosurgical practice: Bridging gaps or creating new disparities?,Amit Jaiswal,amit.jaiswal@dpu.edu.in,India,10.1016/j.wnsx.2026.100583
Artificial Intelligence,A comprehensive survey of artificial intelligence methods for cardiovascular disease detection: Recent advances and future challenges,Anita Gunjal,"anitagunjal@gmail.com, judgi.cse@sathyabama.ac.in",India,10.1016/j.mex.2025.103678
Artificial Intelligence,Artificial intelligence for food safety: From predictive models to real-world safeguards,P. Balakrishnan,"annyleema.a@vit.ac.in, ksankar@velhightech.com, manish@gmail.com, madhusudan.kulkarni@manipal.edu",India,10.1016/j.tifs.2025.105153
Artificial Intelligence,Artificial intelligence for fostering sustainable agriculture,Konathala Kusumavathi,debadattasethi@ouat.ac.in,India,10.1016/j.cpb.2025.100476
Artificial Intelligence,"A comprehensive analysis of artificial intelligence, machine learning, deep learning and computer vision in food science",Premkumar Borugadda,premkumar.b@srmap.edu.in,India,10.1016/j.jfutfo.2025.07.002
Artificial Intelligence,Review of carbon nanotube on-chip interconnects in RLC prediction using artificial intelligence,Kola Balavani,padmavathy.n@vishnu.edu.in,India,10.1016/j.mtcomm.2025.114542
Artificial Intelligence,Artificial intelligence–enhanced neuronavigation: Clinical applications and current limitations in neurosurgery,Sufiya S. Mulla,sufiya.mulla@dpu.edu.in,India,10.1016/j.wnsx.2026.100573
Artificial Intelligence,Prospects of artificial intelligence for the sustainability of sugarcane production in the modern era of climate change: An overview of related global findings,Rajan Bhatt,"sagar.maitra@cutm.ac.in, rajput.vishnu@gmail.com, majumder.debjyoti@gmail.com, maurowoliveira@gmail.com, drvermakishan@gmail.com, viliam.barek@uniag.sk, rajivgh@umich.edu, amarinder.agri@gndu.ac.in, Pakistanfaisaluaf@gmail.com, neisi@stu.scu.ac.ir, Rsmalki@uqu.edu.sa, marian.brestic@uniag.sk, rajansoils@pau.edu, akbarhossainwrc@gmail.com",India,10.1016/j.jafr.2024.101519
Artificial Intelligence,Applying explainable artificial intelligence and ensemble boosting based machine learning models in predicting the thermal conductivity of nano enhanced phase change materials,G. Manikandan,sridharan.m@ist.srmtrichy.edu.in,India,10.1016/j.nxmate.2026.102395
Artificial Intelligence,Reappraising screening metrics and methodological considerations in artificial intelligence-augmented mammography,Pratap Kumar Jena,pratap.jenafph@kiit.ac.in,India,10.1016/j.landig.2026.100995
Artificial Intelligence,Artificial intelligence-based tools for next-generation seed quality analysis,Sumeet Kumar Singh,"singh.ashutosh026@gmail.com, ashutosh@rpcau.ac.in",India,10.1016/j.cropd.2024.100094
Artificial Intelligence,Metabolomics and Artificial Intelligence (AI) assisted metabolomics in the diagnosis of non-tuberculous mycobacterial infections: progress and challenges,Madhan Kumar Murthy,madan.kumar@icmr.gov.in,India,10.1016/j.nmni.2026.101759
Artificial Intelligence,Assessment of Artificial Intelligence (AI) Techniques for Estimating the Property of Strength of Geopolymers Concrete,Indu Sharma,riteshroushan@srmuniversity.ac.in,India,10.1016/j.prostr.2025.07.067
Artificial Intelligence,Application of artificial intelligence techniques to addressing and mitigating biotic stress in paddy crop: A review,Shubhika Shubhika,"vivekanand.cee@mnit.ac.in, aakash.chawade@slu.se",India,10.1016/j.stress.2024.100592
Artificial Intelligence,Generative artificial intelligence in fifth-generation education systems: A systematic review,Sanjay Chakraborty,schakraborty770@gmail.com,India,10.1016/j.engappai.2026.114463
Artificial Intelligence,Impact of Artificial Intelligence (AI) on Clinical Practice: A Clinician’s Perspective,Mahendra Manoj Pauskar,"Email-mpauskar@gmail.com, drsiddaganga@gmail.com, -mpauskar@gmail.com, Email-managoolimahesh94@gmail.com, -rajesh.vrd@gmail.com",India,10.1016/j.cegh.2026.102426
Artificial Intelligence,"A narrative review on artificial intelligence in advanced drug delivery systems: Nanomedicine, GEMs and smart robotics",Umesh D. Laddha,"suwartawaghchaure@gmail.com, vibhuti.deore@gmail.com, umeshladdha698@gmail.com, chanchal2001pagar@gmail.com, sachingaikwad619@gmail.com, sanjayjk@rediffmail.com",India,10.1016/j.nxnano.2026.100581
Artificial Intelligence,Artificial intelligence in traditional Chinese medicine: From multimodal data integration to pharmacological research and clinical decision support,Mahaswetha Kannuchamy,lokeshvarr.scop@saveetha.com,India,10.1016/j.prmcm.2026.100842
Artificial Intelligence,Accelerated Development of Energy Materials through Automation and Artificial Intelligence,Abhishek Soni,iabate@mit.edu,India,10.1016/j.xinn.2026.101509
Artificial Intelligence,Engineering host‑defense peptides enhanced by artificial intelligence and nano delivery systems to overcome biofilms and antimicrobial resistance,Raman Krishnamoorthi,"krishmicro3@gmail.com, pumahalingam.gri@gmail.com",India,10.1016/j.engmic.2026.100277
Artificial Intelligence,Use of Artificial Intelligence in prostate MRI: A rapid scoping review highlighting limited evidence in screening context,Deependra Singh,singhd@iarc.who.int,India,10.1016/j.ejrad.2026.112930
Artificial Intelligence,Human-in-the-loop governance of artificial intelligence in cardiology: From ethical principles to operational paradigms,Kamal Sharma,"kamalcardiodoc@gmail.com, praneelsharmaxa@gmail.com, pratyushasharmaxa@gmail.com",India,10.1016/j.ihj.2026.06.002
Artificial Intelligence,Artificial intelligence for detecting subtle paediatric tibial fractures in children under three years: An analysis of YOLO architectures with convolutional Block attention,S. Rajan,s.rowlands@exeter.ac.uk,India,10.1016/j.radi.2026.103472
Artificial Intelligence,Agentic artificial intelligence in food science: From automation to adaptation,Anand K. Gavai,anand.gavai@gmail.com,India,10.1016/j.foohum.2026.101132
Artificial Intelligence,Cognitive and emotional dynamics of artificial intelligence-assisted English learning: A mixed-methods study in a dual instructional context,Hungpungwo Ringphaso Zimik,"somnuk.aujirapongpan@gmail.com, hrzimik@gmail.com, budi.business.waluyo@gmail.com",India,10.1016/j.actpsy.2026.106673
Artificial Intelligence,Recent progress in triboelectric nanogenerators for biomedical sensing and health monitoring: from improved biocompatibility to artificial intelligence use,Ambem Moheth,uddinm3@sunypoly.edu,India,10.1016/j.nwnano.2026.100199
Artificial Intelligence,Personalized Financial Services through Artificial Intelligence: Transforming FinTech with Predictive Analytics and Deep Learning,Ravi Kumar Burila,"gladson.battu@myemail.indwes.edu, renu.kumawat@jaipur.manipal.edu, mohammedarshadali89@gmail.com, mukesh.research24@gmail.com, officialkeshavkaushik@gmail.com, reachburila@gmail.com",India,10.1016/j.procs.2026.06.035
Artificial Intelligence,Harnessing artificial intelligence and machine learning for next-generation bioremediation,Praburaman Loganathan,prabubvn25@gmail.com,India,10.1016/j.ceja.2026.101052
Artificial Intelligence,"Artificial intelligence in bread making: Applications in quality control, formulation and sensory prediction", Marimuthu Murugesan,moovendhan85@gmail.com,India,10.1016/j.fochx.2026.103654
Artificial Intelligence,Artificial intelligence-driven healthcare supply chain resilience: The mediating effect of organisational transparency,Manisha Tiwari,M.Tiwari@hull.ac.uk,India,10.1016/j.jsinno.2026.200572
Artificial Intelligence,Artificial intelligence in the management of sports knee injuries: a narrative review,Saran Singh Gill,saran.gill21@imperial.ac.uk,India,10.1016/j.knee.2026.104430
Artificial Intelligence,Artificial intelligence and machine learning in neurodegenerative disease management: A 21st century paradigm,Shaik Basha,mahato.kk@manipal.edu,India,10.1016/j.nbd.2026.107307
Artificial Intelligence,The Cutting Edge: A Systematic Review of Artificial Intelligence and Machine Learning in Predicting Esophagectomy Outcomes,Divyaam Satija,peter.kneuertz@osumc.edu,India,10.1016/j.atssr.2026.02.002
Artificial Intelligence,Enhancing Competencies of Nursing Students in Pain Management Education Through Artificial Intelligence (AI): A Narrative Review,Rashal Rashmi Martis,mamatha.spai@manipal.edu,India,10.1016/j.pmn.2025.11.025
Artificial Intelligence,Revolutionizing wheat crop disease prediction: A novel framework on integrating nature-inspired random forest optimization and explainable artificial intelligence (XAI) in Morocco,Satiprasad Sahoo,satispss@gmail.com,India,10.1016/j.jafr.2026.102924
Artificial Intelligence,Transforming depression research: The role of artificial intelligence and computational modelling,Simran S. Somkuwar,vbelgamwar@gmail.com,India,10.1016/j.insi.2026.100492
Artificial Intelligence,"Artificial intelligence in atrial fibrillation – Timely diagnosis, risk assessment and personalized management",Kushal Chatterjee,tina4@stanford.edu,India,10.1016/j.ipej.2026.01.011
Artificial Intelligence,Artificial intelligence-driven clinical decision support systems for precision oncology: A comprehensive review,Susovan Borat,me_sailee@yahoo.com,India,10.1016/j.insi.2026.100265
Artificial Intelligence,"Artificial intelligence in oral oncology: Current advances and future potential in diagnosis, prognosis, and therapeutic decision-making",Aravinth Annamalai,aravintha.smc@saveetha.com,India,10.1016/j.ctarc.2026.101193
Artificial Intelligence,"Artificial intelligence and consumer behaviour on social media: A study of personalization, trust, and privacy",Rajesh Kumar Srivastava,"vijayshri.gurme@gmail.com, rks_pmc@yahoo.com",India,10.1016/j.meadig.2025.100021
Artificial Intelligence,"Artificial intelligence and digital innovations in precision aquaculture: Advancements, applications, and future directions",Rishikesh Ratan,rishikeshratan169@gmail.com,India,10.1016/j.fraope.2026.100567
Artificial Intelligence,Artificial Intelligence (AI) for Latent Fingerprint Enhancement in Forensic Investigations,Pawan Mandal,anuragsinha257@gmail.com,India,10.1016/j.procs.2026.05.169
Artificial Intelligence,Artificial Intelligence and precision medicine for optimizing patient care: A comprehensive review,Prashant S. Khare,"havelikarujwal@gmail.com, khareprashant005@gmail.com, shoaibshaikh0293@gmail.com",India,10.1016/j.inhs.2025.100042
Artificial Intelligence,Diagnostic accuracy of artificial intelligence in the diagnosis of pemphigus and pemphigoid groups of disorders based on clinical images: A systematic review and meta-analysis,Pravallika Kakada,"monal9817@gmail.com, pratibaramani@saveetha.com, drpravallika2210@gmail.com",India,10.1016/j.jobcr.2025.10.023
Artificial Intelligence,Artificial intelligence in gastrointestinal cancers: From early detection to precision therapy,Sudarshan Rao Kadri,skadri@nhs.net,India,10.1016/j.cson.2025.100104
Artificial Intelligence,Fault diagnosis and predictive maintenance of electric vehicle powertrain using artificial intelligence techniques: A review,Masadi Prashanth Kumar,srikvelpula@gmail.com,India,10.1016/j.rineng.2026.110857
Artificial Intelligence,A robust deep learning model selection with data augmentation for automatic detection of tessellated fundus images and explainable artificial intelligence based interpretation,Kachi Anvesh,"Q.Xu2@hud.ac.uk, breshmi@yahoo.com, Z.Lu@leedsbeckett.ac.uk, anveshitse@gmail.com, murugaee@gmail.com, onlyvinaykukreja@gmail.com, mailtos.hariharan@gmail.com",India,10.1016/j.engappai.2025.112316
Artificial Intelligence,"Revolutionizing layered double hydroxides for adsorption, catalysis and energy storage through artificial intelligence and machine learning: A critical review",Priyadarshi Roy Chowdhury,chaudhery.m.hussain@njit.edu,India,10.1016/j.ccr.2026.217886
Artificial Intelligence,"Does It Work, Help, and Stay? A Framework for Implementing Artificial Intelligence Tools in Radiology",Chintan Shah,shahc2@ccf.org,India,10.1016/j.jacr.2025.09.032
Artificial Intelligence,"Mapping responsible artificial intelligence in business and management: Trends, influence, and emerging research directions",Amol S. Dhaigude,"giridhar.kamath@manipal.edu, amol.dhaigude@spjimr.org",India,10.1016/j.joitmc.2025.100640
Artificial Intelligence,Application of artificial intelligence in insect pest identification - A review,Sourav Chakrabarty,spathour@gmail.com,India,10.1016/j.aiia.2025.06.005
Artificial Intelligence,Interpretable artificial intelligence to predict preoperative risk factors for failure to rescue after coronary artery bypass grafting,Rameshbabu Manyam,rmanyam@emory.edu,India,10.1016/j.jtcvs.2025.09.039
Artificial Intelligence,Advances in artificial intelligence for spatial transcriptomics in cancer: Special focus on Yin Yang 1 (YY1) and Raf kinase inhibitor protein (RKIP),Lekhya Dommalapati,msaddala@uci.edu,India,10.1016/j.bbcan.2025.189456
Artificial Intelligence,Employing Random Forest Machine Learning algorithm for Network Intrusion Detection Systems utilizing UNSW-NB15 dataset with Explainable Artificial Intelligence,Niharika Agrawal,niharika.svits@gmail.com,India,10.1016/j.procs.2026.06.255
Artificial Intelligence,Role of artificial intelligence in diagnosing pericoronal radiolucency,M. Madhumitha,spillaidevika@gmail.com,India,10.1016/j.jobcr.2025.09.025
Artificial Intelligence,Exploring the bibliometric impact of artificial intelligence in radiology: An analytical approach,Bharti Chogtu,santhosh.kv@manipal.edu,India,10.1016/j.jjimei.2025.100376
Artificial Intelligence,Extending responsible artificial intelligence to palliative care: the irreversibility problem with algorithmic accountability,Daliya Rizvi,daliya.rizvi@duke.edu,India,10.1016/j.landig.2026.101052
Artificial Intelligence,Harnessing Artificial Intelligence to Safeguard Food Quality and Safety,Diwakar Singh,dsndri33@gmail.com,India,10.1016/j.jfp.2025.100621
Artificial Intelligence,"Artificial intelligence-driven management: Bridging innovation, knowledge creation, and sustainable business practices",Khushboo Raina,angrishgagan@gmail.com,India,10.1016/j.jik.2025.100860
Artificial Intelligence,"A numerical investigation of carbon conversion using a random pore model in gasification process for selected carbonaceous feedstocks, kinetics studies, artificial intelligence and machine learning applications",Prasanta Das,prasanta.das@nimsuniversity.org,India,10.1016/j.nxmate.2026.102680
Artificial Intelligence,A systematic review and meta-analysis on the diagnostic accuracy of artificial intelligence and computer-aided diagnosis of lumbar prolapsed intervertebral disc,Sandeep Pattnaik,"physiosandeep94@gmail.com, drrajneeshgujral@mmumullana.org, manu.goyal@mmumullana.org, hod.radiology@mmumullana.org",India,10.1016/j.neuri.2025.100221
Artificial Intelligence,Exploring generative artificial intelligence in teacher education,Priya Panday-Shukla,p.pandayshukla@wsu.edu,India,10.1016/j.tate.2025.105088
Artificial Intelligence,"Artificial intelligence in dental age estimation- applications, technological advances and legal aspects: A narrative review",Abhinav Chopra,"dranandkgmc2@gmail.com, navagg@gmail.com",India,10.1016/j.jobcr.2025.09.010
Artificial Intelligence,Efficiency of an artificial intelligence-aided portable 12-lead electrocardiogram acquisition system,Meghna Gaddam,rod.passman@nm.org,India,10.1016/j.hroo.2025.05.025
Artificial Intelligence,"Strength, weakness, opportunities and challenges (SWOC) experience of histopathology image analysis, enhanced by artificial intelligence",Narendra Nath Singh,"drankitatandon7@gmail.com, naren_cancer@hotmail.com, pavithrajayy@gmail.com",India,10.1016/j.jobcr.2025.07.013
Artificial Intelligence,Evaluating current trends in stress and depression detection using artificial intelligence and machine learning,Aum Pandya,mp6118@nyu.edu,India,10.1016/j.inhs.2025.100047
Artificial Intelligence,Exploring knowledge gaps: A mixed-method cross-sectional study on Indian dental students’ perspectives and ethical awareness on artificial intelligence in dentistry,A. Subha,poorni89.27@gmail.com,India,10.1016/j.jobcr.2025.08.005
Artificial Intelligence,Diagnostic accuracy of computed tomography (CT)-based radiomics and artificial intelligence (AI) models in hepatocellular carcinoma: a systematic review and meta-analysis,K. Sweta,"suresh.sugumar@manipal.edu, sweta.mchpmpl2024@learner.manipal.edu, rajarad@gmail.com, abhimanyu.pradhan@manipal.edu, nayak.kaushik@manipal.edu, winniecia.dkhar@manipal.edu",India,10.1016/j.crad.2025.107042
Artificial Intelligence,Artificial intelligence in pharmaceutical sciences: A comprehensive review,Priyanka Kandhare,atmaram.pawar@bharatividyapeeth.com,India,10.1016/j.medntd.2025.100375
Artificial Intelligence,Reviving classical <ce:italic>Bawl</ce:italic> (urine) diagnostics in Unani medicine via artificial intelligence and digital tools: toward integrative informatics for traditional systems,Farooqui Shazia Parveen,shaziafarooquinium@gmail.com,India,10.1016/j.dcmed.2025.09.004
Artificial Intelligence,Quality matters: Artificial intelligence-based assessment of feedback quality predicts technical skill improvement,Divya Kewalramani,dk1362@rwjms.rutgers.edu,India,10.1016/j.surg.2025.109625
Artificial Intelligence,Comment on “The optimal labelling method for artificial intelligence-assisted polyp detection in colonoscopy”,Manish Bhardwaj,"aresearchscientist567@outlook.com, waliajaswin@gmail.com, aapkaapna13@gmail.com, analp.pathak@gmail.com",India,10.1016/j.jfma.2026.03.045
Artificial Intelligence,"Application of artificial intelligence in agri-tech, environmental and biodiversity conservation", Chatrabhuj,"kundan.transpo@gmail.com, chatrabhuj513@gmail.com, umank17@gmail.com",India,10.1016/j.array.2025.100412
Artificial Intelligence,Machine learning and artificial intelligence methods and applications for post-crisis supply chain resiliency and recovery,G. Sakthi Balan,aravindsakthivel@hotmail.com,India,10.1016/j.sca.2025.100121
Artificial Intelligence,"Statistical integration of knowledge-based, artificial intelligence, and thermodynamic models for rational in silico coformer selection: A case study on an NSAID-skeletal muscle relaxant system",Rupesh Saindane,rupeshsaindane@gmail.com,India,10.1016/j.insi.2026.100365
Artificial Intelligence,Application of artificial intelligence in circular economy: A critical analysis of the current research,Saroj Raut,"nibnehossain@astate.edu, saf8@msstate.edu, saroj.raut@smail.astate.edu, mkouhizadeh@uri.edu",India,10.1016/j.sftr.2025.100784
Artificial Intelligence,Artificial intelligence for automated classification of antinuclear-antibody indirect immunofluorescence patterns,Harsh Jain,harshjain687@gmail.com,India,10.1016/j.ero.2025.12.006
Artificial Intelligence,Governing the Unbound: SCAI’s Role in the Future of Artificial Intelligence,Kusum Lata,artariq@uci.edu,India,10.1016/j.jscai.2024.102517
Artificial Intelligence,Artificial intelligence and digital twins for the personalised prediction of hypertension risk,Akhil Naik,S.OrtegaMartorell@ljmu.ac.uk,India,10.1016/j.compbiomed.2025.110718
Artificial Intelligence,Revolutionizing agriculture: A comprehensive review on artificial intelligence applications in enhancing properties of agricultural produce,Mansi Nautiyal,"saloni.joshi0196@gmail.com, mr.sanju4u@gmail.com",India,10.1016/j.fochx.2025.102748
Artificial Intelligence,Artificial Intelligence in Coronary Artery Interventions: Preprocedural Planning and Procedural Assistance,Saurabhi Samant,ychatzizisis@icloud.com,India,10.1016/j.jscai.2024.102519
Artificial Intelligence,Using artificial intelligence to create meaning,Rupal Shah,amit.singh3@wales.nhs.uk,India,10.1016/j.lanprc.2026.100129
Artificial Intelligence,"Comprehensive Review of Generative artificial Intelligence: Mechanisms, Models, and Applications",Shivani Pahuja,shivanipahuja04@gmail.com,India,10.1016/j.procs.2025.04.628
Artificial Intelligence,Advancing cell therapies with artificial intelligence and synthetic biology,Mahima Choudhury,tara.deans@bme.gatech.edu,India,10.1016/j.cobme.2025.100580
Artificial Intelligence,Artificial intelligence (AI) in pharmacovigilance: A systematic review on predicting adverse drug reactions (ADR) in hospitalized patients,Viola Savy Dsouza,violadsouza1995@gmail.com,India,10.1016/j.sapharm.2025.02.008
Artificial Intelligence,Re: Abdelmotaal et al: Artificial Intelligence—Derived Biomechanical Index for Early Corneal Ectasia Detection: Advancing Beyond Tomography,Abhijit Sinha Roy,asroy27@yahoo.com,India,10.1016/j.xops.2026.101146
Artificial Intelligence,Smart healthcare: Artificial intelligences impact on drug development and patient care,Sachin Mendhi,"sachinmali143@gmail.com, sudarshansingh83@hotmail.com, kuldeepvinchurkar@gmail.com",India,10.1016/j.ipha.2025.01.003
Artificial Intelligence,"Process parameter trade-offs in laser powder bed fusion: A multi-objective review on surface finish, strength, biological performance, modelling, artificial intelligence, and applications",Bappa Das,pankaj.62shrivastava@gmail.com,India,10.1016/j.mtcomm.2026.115319
Artificial Intelligence,Advanced artificial intelligence driven framework for lung cancer diagnosis leveraging SqueezeNet with machine learning algorithms using transfer learning,Vineet Mehan,mehanvineet@gmail.com,India,10.1016/j.medntd.2025.100383
Artificial Intelligence,Exploring Ransomware Detection Based on Artificial Intelligence and Machine Learning,Mayur Rele,mayur.rele@parachutehealth.com,India,10.1016/j.procs.2025.01.014
Artificial Intelligence,A Perspective on Artificial Intelligence for Process Manufacturing,Vipul Mann,rgani2018@gmail.com,India,10.1016/j.eng.2025.01.014
Artificial Intelligence,"The synergy of artificial intelligence in biomaterials, regenerative medicine and drug delivery",Mayora Varshney,"adityaiuac@gmail.com, mayoravarshney@gmail.com",India,10.1016/j.nxbio.2025.100001
Artificial Intelligence,"The transformative power of artificial intelligence in pharmaceutical manufacturing: Enhancing efficiency, product quality, and safety",Mukesh Vijayarangam Rajesh,"karthikeyane.scop@saveetha.com, karthikeyanelumalai@hotmail.com",India,10.1016/j.jhip.2025.03.007
Artificial Intelligence,Artificial intelligence-based virtual staining platform for identifying tumor-associated macrophages from hematoxylin and eosin-stained images,Arpit Aggarwal,anantm@emory.edu,India,10.1016/j.ejca.2025.115390
Artificial Intelligence,Artificial intelligence (AI) in drug design and discovery: A comprehensive review,Ajmal Rashid Bhat,"bhatajmal@gmail.com, sumeerchoudhary15@gmail.com",India,10.1016/j.insi.2025.100049
Artificial Intelligence,Artificial intelligence-based healthcare cybersecurity system with blockchain: modified parallel convolutional neural network for attack detection,Swarooparani Kolsur,swapr98@gmail.com,India,10.1016/j.medntd.2025.100412
Artificial Intelligence,"The impact of artificial intelligence on remote healthcare: Enhancing patient engagement, connectivity, and overcoming challenges",Udit Chaturvedi,induysingh@gmail.com,India,10.1016/j.ipha.2024.12.003
Artificial Intelligence,Artificial Intelligence driven sustainable innovation Practices for resilient supply chain,Vibhu Sharma,sgupta20@amity.edu,India,10.1016/j.procs.2025.04.072
Artificial Intelligence,Wildfire Fuels Mapping through Artificial Intelligence-based Methods: A Review,Riyaaz Uddien Shaik,etacir@ucla.edu,India,10.1016/j.earscirev.2025.105064
Artificial Intelligence,Enabling people-centric climate action using human-in-the-loop artificial intelligence: a review,Ramit Debnath,rd545@cam.ac.uk,India,10.1016/j.cobeha.2025.101482
Artificial Intelligence,Integrating artificial intelligence in nanomembrane systems for advanced water desalination,Anbarasu Krishnan,dyuvarajan2@gmail.com,India,10.1016/j.rineng.2024.103321
Artificial Intelligence,"Next-gen cancer therapy: The convergence of artificial intelligence, nanotechnology, and digital twin",Shreya S. Deshmukh,Khushwant.Yadav@nmims.edu,India,10.1016/j.nxnano.2025.100286
Artificial Intelligence,Stability and reliability of artificial intelligence models in embryo selection for in vitro fertilization,Prudhvi Thirumalaraju,hshafiee@bwh.harvard.edu,India,10.1016/j.fertnstert.2025.08.021
Artificial Intelligence,Progressing microbial genomics: Artificial intelligence and deep learning driven advances in genome analysis and therapeutics,R. Dhaarani,kmajji@gitam.edu,India,10.1016/j.ibmed.2025.100251
Artificial Intelligence,"Generative artificial intelligence, integrative bioinformatics, and single-cell analysis reveal Alzheimer’s genetic and immune landscape",Arpita Das,"drchiranjib@yahoo.com, 123sslee@gmail.com",India,10.1016/j.omtn.2025.102546
Artificial Intelligence,SmartScanPCOS: A feature-driven approach to cutting-edge prediction of Polycystic Ovary Syndrome using Machine Learning and Explainable Artificial Intelligence,Umaa Mahesswari G,"umaag.sekar@gmail.com, dr.umasundar@gmail.com",India,10.1016/j.heliyon.2024.e39205
Artificial Intelligence,Coalition of explainable artificial intelligence and quantum computing in precision medicine,Soumyadeep Ray,"abhishek.gmit@gmail.com, amukhopadhyay@kol.amity.edu",India,10.1016/j.csbj.2025.11.031
Artificial Intelligence,Exploring the Role of Artificial Intelligence for Pattern Recognition of Textile Sorting and Recycling for Circular Economy,Irfan Mohammed Karmali,OFatahiValilai@Constructor.University,India,10.1016/j.procs.2025.01.097
Artificial Intelligence,"Preventive, personalized, and precision medicine and biomarkers for breast cancer diagnosis: Artificial intelligence framework",Udita J. Monani,jasjit.suri@atheropoint.com,India,10.1016/j.ibreh.2025.100045
Big Data Analytics,Integrating brain-inspired computation with big-data analytics for advanced diagnostics in neuroradiology,Senthil Kumar,"mmaheswaraneie@gmail.com, manikandan.rajagopal@christuniversity.in, rupesh.gupta@chitkara.edu.in, jrprasath@gmail.com, sskmailtome@gmail.com, kalpanavadivelu@gmail.com",India,10.1016/j.neuri.2025.100202
Big Data Analytics,"Survey of technologies, techniques, and applications for big data analytics in smart energy hub",Magda I. El-Afifi,sanjeevi_12@yahoo.co.in,India,10.1016/j.esr.2024.101582
Big Data Analytics,"Bridging realities into organizations through innovation and productivity: Exploring the intersection of artificial intelligence, internet of things, and big data analytics in the metaverse environment using a multi-method approach",Ashutosh Samadhiya,"A.Kumar@londonmet.ac.uk, rohit.a@iimbg.ac.in",India,10.1016/j.dss.2024.114290
Big Data Analytics,Big data analytics and artificial intelligence aspects for privacy and security concerns for demand response modelling in smart grid: A futuristic approach,S. Sofana Reka,manojkumar.r@vit.ac.in,India,10.1016/j.heliyon.2024.e35683
Big Data Analytics,Predictive big data analytics for drilling downhole problems: A review,Aslam Abdullah M.,aslamabdullah.m@vit.ac.in,India,10.1016/j.egyr.2023.05.028
Big Data Analytics,AI-based big data analytics model for medical applications,S. Lokesh,lokesh@psgitech.ac.in,India,10.1016/j.measen.2022.100534
Big Data Analytics,Analyze the anomalous behavior of wireless networking using the big data analytics,Yousef Methkal Abd Algani,"ushadevi3012@gmail.com, arulfreedavinodhini@saveetha.com, balajiit@gmail.com, ruthisabels@saveetha.ac.in, kaur.chaman83@gmail.com, trevemark@yahoo.com, Yosefabdalgani@gmail.com",India,10.1016/j.measen.2022.100407
Big Data Analytics,Transforming healthcare with big data analytics and artificial intelligence: A systematic mapping study,Nishita Mehta,nishita.mehta@ssi.edu.in,India,10.1016/j.jbi.2019.103311
Big Data Analytics,Implications of big data analytics in developing healthcare frameworks – A review,Venketesh Palanisamy,ramkumar.thirunavukarasu@vit.ac.in,India,10.1016/j.jksuci.2017.12.007
Big Data Analytics,Impact of Big Data Analytics on Banking Sector: Learning for Indian Banks,Utkarsh Srivastava,santoshgopalkrishnan@sibmpune.edu.in,India,10.1016/j.procs.2015.04.098
Big Data Analytics,Enhancing Fairness and Performance: Scalable Hybrid Solutions for Class Imbalance in Big Data Analytics,Puneetha B H,manojmv24@gmail.com,India,10.1016/j.procs.2025.04.341
Big Data Analytics,A Cross-Platform Movie Filtering and Recommendation System Using Big Data Analytics,Nirmal G K,kp_manoj@blr.amrita.edu,India,10.1016/j.procs.2024.04.008
Big Data Analytics,Big data analytics and sustainable tourism: A comprehensive review and network based analysis for potential future research,Rohit Agrawal,a.kumar@londonmet.ac.uk,India,10.1016/j.jjimei.2022.100122
Big Data Analytics,Impact of artificial intelligence-driven big data analytics culture on agility and resilience in humanitarian supply chain: A practice-based view,Rameshwar Dubey,"y.k.dwivedi@swansea.ac.uk, c.foropon@montpellier-bs.com, r.dubey@montpellier-bs.com, r.dubey@ljmu.ac.uk, G.Graham@lubs.leeds.ac.uk, D.J.Bryde@ljmu.ac.uk",India,10.1016/j.ijpe.2022.108618
Big Data Analytics,Effective fraud detection in e-commerce: Leveraging machine learning and big data analytics,Surendranadha Reddy Byrapu Reddy,"suri.byrapu@gmail.com, dr.rahulpulimamidi@gmail.com, praneeth1987kanagala@gmail.com, Prabu.ravichandran07@gmail.com, sivarambabu424@gmail.com",India,10.1016/j.measen.2024.101138
Big Data Analytics,Big data analytics in health care by data mining and classification techniques,Jayasri N.P.,sreezee520@gmail.com,India,10.1016/j.icte.2021.07.001
Big Data Analytics,An intelligent approach to design of E-Commerce metasearch and ranking system using next-generation big data analytics,Dheeraj Malhotra,dheerajmalhotra4@gmail.com,India,10.1016/j.jksuci.2018.02.015
Big Data Analytics,A Survey of Big Data Analytics in Healthcare and Government,J. Archenaa,archulect@gmail.com,India,10.1016/j.procs.2015.04.021
Big Data Analytics,Data Life Cycle Management in Big Data Analytics,Kumar Rahul,"kumarrahul.niftem@gmail.com, rkbayal@gmail.com",India,10.1016/j.procs.2020.06.042
Big Data Analytics,Apache Spark a Big Data Analytics Platform for Smart Grid, Shyam R.,shyam.neezhoor@gmail.com,India,10.1016/j.protcy.2015.10.085
Big Data Analytics,Exploring big data analytics in health care,T. Ramesh,"vsanthinathan@gmail.com, timmarasu@gmail.com",India,10.1016/j.ijin.2020.11.003
Big Data Analytics,Big Data Analytics Performance for Large Out-of-Core Matrix Solvers on Advanced Hybrid Architectures,Raghavendra Shruti Rao,"dorband@umbc.edu, halem@umbc.edu, rrao1@umbc.edu",India,10.1016/j.procs.2015.05.432
Big Data Analytics,How can we predict the impact of the social media messages on the value of cryptocurrency? Insights from big data analytics,Chahat Tandon,"chahat.7874@gmail.com, SanjanaRRDVG@gmail.com, hemant.datascience@outlook.com",India,10.1016/j.jjimei.2021.100035
Big Data Analytics,Employing big data analytics to monitor transportation impacts in El Paso during Pope’s visit to the US-Mexico border City of Juárez,Sushant Sharma,"d-galicia@tamu.edu, l-cornejo@tti.tamu.edu, s-sharma@tamu.edu, J-susen@tti.tamu.edu",India,10.1016/j.ijtst.2017.06.005
Blockchain Technology,Academic certificate fraud detection by Web-based intelligent access control system: An effective role of Blockchain technology,Karuturi Soumya,soumya_karuturi@srmap.edu.in,India,10.1016/j.jjimei.2025.100386
Blockchain Technology,Enhancing Healthcare Data Protection with Blockchain Technology,Shailjakant Gond,sathish613@mnnit.ac.in,India,10.1016/j.procs.2026.06.232
Blockchain Technology,Achieving sustainable carbon-neutral supply chain: A perspective of integrating blockchain technology,Aditi Saha,"rraut@iimmumbai.ac.in, aditi.saha.2020@iimmumbai.ac.in, bhavin.shah@iimsirmaur.ac.in, kumarmukesh12me@gmail.com, sudishna.ghoshal@manipal.edu, ys102@hotmail.com",India,10.1016/j.techfore.2025.124262
Blockchain Technology,Implementation of blockchain technology in integrated IoT networks for constructing scalable ITS systems in India,Arya Kharche,ram.upadhyay@gsv.ac.in,India,10.1016/j.bcra.2024.100188
Blockchain Technology,Blockchain technology for cybersecurity: A text mining literature analysis,Ravi Prakash,"anoop.vs@duk.ac.in, ravi.prakash@duk.ac.in, asharaf.s@duk.ac.in",India,10.1016/j.jjimei.2022.100112
Blockchain Technology,A Blockchain Technology based Framework for Environmental and Social Impact Authenticity of a 3D Printed Product,Rishi Kumar,kss@pilani.bits-pilani.ac.in,India,10.1016/j.procir.2023.02.048
Blockchain Technology,Blockchain technology meets 6 G wireless networks: A systematic survey,Khan Maaz Bin Hasan,director@sitpune.edu.in,India,10.1016/j.aej.2024.02.031
Blockchain Technology,Investigating the barriers to the adoption of blockchain technology in sustainable construction projects,Atul Kumar Singh,"patrick.manu@manchester.ac.uk, dehdasht1387@gmail.com, mohandes@manchester.ac.uk, f.rahimian@tees.ac.uk, as9892@srmist.edu.in, prasathv@srmist.edu.in",India,10.1016/j.jclepro.2023.136840
Blockchain Technology,A review of Blockchain Technology applications for financial services,Mohd Javaid,"shahbaz.me12@gmail.com, ahaleem@jmi.ac.in, dr.r.suman@gbpuat-tech.ac.in, mjavaid@jmi.ac.in, singhrp@nitj.ac.in",India,10.1016/j.tbench.2022.100073
Blockchain Technology,The Decentralized Smart Contract Certificate System Utilizing Ethereum Blockchain Technology,Disha Wankhede,eanish.22011189@viit.ac.in,India,10.1016/j.procs.2023.12.035
Blockchain Technology,A decentralised KYC based approach for microfinance using blockchain technology,Bodicherla Digvijay Sri Sai,srinu@iiitnr.edu.in,India,10.1016/j.csa.2022.100009
Blockchain Technology,Leveraging the Power of Blockchain Technology for Building a Resilient Crowdfunding Solution,Dr. Poornima G. Naik,"pgnaik@siberindia.edu.in, skavita.oza@gmail.com",India,10.1016/j.procs.2023.12.056
Blockchain Technology,A Survey on Blockchain Technology and its Proposed Solutions,Dharmin Dave,Nishant.Doshi@sot.pdpu.ac.in,India,10.1016/j.procs.2019.11.017
Blockchain Technology,Blockchain technology applications for Industry 4.0: A literature-based review,Mohd Javaid,"shahbaz.me12@gmail.com, ahaleem@jmi.ac.in, suman@gmail.com, mjavaid@jmi.ac.in, singhrp@nitj.ac.in",India,10.1016/j.bcra.2021.100027
Blockchain Technology,Blockchain technology applications in healthcare: An overview,Abid Haleem,"ahaleem@jmi.ac.in, shanayrab753@gmail.com, mjavaid@jmi.ac.in, singhrp@nitj.ac.in, raje.suman@gmail.com",India,10.1016/j.ijin.2021.09.005
Blockchain Technology,Architecture to Enhance Transparency in Supply Chain Management using Blockchain Technology,Dnyaneshwar J. Ghode,"djghode@gmail.com, rjain.mech@mnit.ac.in",India,10.1016/j.promfg.2020.10.225
Blockchain Technology,BLOSOM: BLOckchain technology for Security Of Medical records,Rahul Johari,rahul@ipu.ac.in,India,10.1016/j.icte.2021.06.002
Blockchain Technology,An Implementation Perspective of Blockchain Technology in Leveraging Organ Donation in a Transparent Mode to both Patients and Donors,Boikuntha Bharali,boikuntha98@gmail.com,India,10.1016/j.procs.2026.06.585
Blockchain Technology,Unraveling the blockchain technology adoption barriers in the fast-moving consumer goods supply chain: An integrated fuzzy-set qualitative comparative analysis approach,Abdur Rahman Nayeem,"binoydebnath15@gmail.com, gazigalib67@gmail.com, arnayeem.ipe@gmail.com, mainul.ipe@gmail.com",India,10.1016/j.apmrv.2025.100374
Blockchain Technology,Stage-wise green supply chain management and environmental performance: Impact of blockchain technology,Sahil Singh Jasrotia,sahiljasrotia93@gmail.com,India,10.1016/j.jjimei.2024.100241
Blockchain Technology,ASBlock:An Agricultural based Supply Chain Management using Blockchain Technology,Amrutanshu Panigrahi,amrutansup89@gmail.com,India,10.1016/j.procs.2024.04.184
Blockchain Technology,“Blockchain technology in food safety and traceability concern to livestock products”,A. S. Patel,dr.ajaypatelvet2012@gmail.com,India,10.1016/j.heliyon.2023.e16526
Blockchain Technology,Technological update for oral health care with blockchain technologies,Chandrabose Selvaraj,selva@csrdd.org,India,10.1016/j.oor.2024.100337
Blockchain Technology,A literature review on transformative impacts of blockchain technology on manufacturing management and industrial engineering practices,Dharmendra Hariyani,dhariyani12002@gmail.com,India,10.1016/j.grets.2025.100169
Blockchain Technology,Privacy-preserving Authentication Scheme for VANETs using Blockchain Technology,Keyur Parmar,shriniwas1996@gmail.com,India,10.1016/j.procs.2023.03.008
Blockchain Technology,Recalibrating the Banking Sector with Blockchain Technology for Effective Anti-Money Laundering Compliances by Banks,Abhishek Thommandru,abhithommandru@gmail.com,India,10.1016/j.sftr.2023.100107
Blockchain Technology,Blockchain technology for security issues and challenges in IoT,Nallapaneni Manoj Kumar,"nallapanenichow@gmail.com, pradeepmallick84@gmail.com",India,10.1016/j.procs.2018.05.140
Blockchain Technology,Implication and challenges of mobile health and blockchain technology for remote patient monitoring,Manik Sharma,manik_sharma25@yahoo.com,India,10.1016/j.jtumed.2023.05.018
Blockchain Technology,Fake product identification for small and medium firms (FPISMF) using blockchain technology,Sangeeta Gupta,"ss4gupta13@gmail.com, mahalakshmi1203@gmail.com, sarabu.ashok@gmail.com, 3kcbit@gmail.com, mohammedsohail78490@gmail.com, kramupro@gmail.com",India,10.1016/j.measen.2024.101164
Blockchain Technology,Key management for blockchain technology,Om Pal,ompal.cdac@gmail.com,India,10.1016/j.icte.2019.08.002
Blockchain Technology,AgriOnBlock: Secured data harvesting for agriculture sector using blockchain technology,Hiren Patel,"hbpatel1976@gmail.com, bela.shrimali@gmail.com",India,10.1016/j.icte.2021.07.003
Blockchain Technology,A systematic literature mapping on secure identity management using blockchain technology,Tripti Rathee,rathee.tripti@gmail.com,India,10.1016/j.jksuci.2021.03.005
Blockchain Technology,Unified smart home resource access along with authentication using Blockchain technology,Arnab Mukherjee,"mamtha.bc@manipal.edu, chetana.pujari@manipal.edu",India,10.1016/j.gltp.2021.01.005
Blockchain Technology,Internet of Things and Blockchain Technology in Apparel Manufacturing Supply Chain Data Management,Kamalendu Pal,k.pal@city.ac.uk,India,10.1016/j.procs.2020.03.088
Blockchain Technology,"AARIN: Affordable, accurate, reliable and innovative mechanism to protect a medical cyber-physical system using blockchain technology",Amit Kumar Tyagi,"amitkrtyagi025@gmail.com, aghilaa@gmail.com, nsreenath@pec.edu, aswathy.su@gmail.com",India,10.1016/j.ijin.2021.09.007
Blockchain Technology,Influence of blockchain technology in SME internationalization: Evidence from high-tech SMEs in India,Sandip Rakshit,N.Islam@exeter.ac.uk,India,10.1016/j.technovation.2022.102518
Blockchain Technology,Blockchain technology: Applied to big data in collaborative edges,Kamal Saluja,erankitbansal@gmail.com,India,10.1016/j.measen.2022.100521
Blockchain Technology,Implementation of blockchain technology using extended CNN for lung cancer prediction,A. B. Pawar,william160891@gmail.com,India,10.1016/j.measen.2022.100530
Blockchain Technology,A Proportional Work Analysis to Significant Approaches in Blockchain for Supply-Chain Technology,Himani Saraswat,"himanisivaraman@gmail.com, sjasola@yahoo.com, manchandamahesh@gmail.com",India,10.1016/j.procs.2023.12.051
Cloud Computing,A novel push pull optimization algorithm fostered deadline aware task scheduling in virtualized cloud computing,Rajeshwari BS,namratham.cse@bmsce.ac.in,India,10.1016/j.fraope.2026.100499
Cloud Computing,Modified Genetic Algorithm for Efficient Task Scheduling in Cloud Computing,Banaja Mishra,"rdalei@silicon.ac.in, kdhal@silicon.ac.in, banaja.mishra09@gmail.com",India,10.1016/j.procs.2026.06.314
Cloud Computing,Conditional Adversarial Domain Adaptation Framework with African Buffalo Optimization for Robust Load Balancing in Cloud Computing Environment,Saroja Kumar Rout,rout_sarojkumar@yahoo.co.in,India,10.1016/j.procs.2026.06.418
Cloud Computing,An efficient hybrid scheduling and virtual machine framework for load balancing in cloud computing architectures,J. Ramaprabha,"cse@dsu.edu.in, sowjanyaramisetty@ifheindia.org, rupesh.gupta@chitkara.edu.in, mkathiravan327@gmail.com, mahalakp@srmist.edu.in, ramapraj@srmist.edu.in, muruga13@gmail.com",India,10.1016/j.asej.2026.104119
Cloud Computing,Multi-component attention graph convolutional neural network for QoS-aware cloud job scheduling and resource management enhancing efficiency and performance in cloud computing,Deepak Dharrao,"madhuridharrao11@gmail.com, vinodmahajan3110@gmail.com, deepak.dharrao@sitpune.edu.in, sarika.deokate@pccoepune.org, shirkande8@gmail.com, nagamma.hudgi86@gmail.com",India,10.1016/j.rineng.2025.105676
Cloud Computing,An Efficient Approach for Side Channel Attack in Cloud Computing, Aakash,shivprakash@allduniv.ac.in,India,10.1016/j.procs.2025.04.373
Cloud Computing,Deep Learning Based Load Balancing in Cloud Computing: A Survey,Deepali Vashistha,"jitendra.bhatia@nirmauni.ac.in, malaram.kumhar@nirmauni.ac.in",India,10.1016/j.procs.2025.04.152
Cloud Computing,Supportive particle swarm optimization with time-conscious scheduling (SPSO-TCS) algorithm in cloud computing for optimized load balancing,M. Menaka,"menaka.muniswamy2017@vitstudent.ac.in, sendhilkumar.ks@vit.ac.in",India,10.1016/j.ijcce.2024.05.002
Cloud Computing,A novel hybrid cryptographic framework for secure data storage in cloud computing: Integrating AES-OTP and RSA with adaptive key management and Time-Limited access control,D. Shivaramakrishna,"devallashivaramakrishna@gmail.com, mratnajntu@jntuh.ac.in",India,10.1016/j.aej.2023.10.054
Cloud Computing,Cloud service prioritization using a Multi-Criteria Decision-Making technique in a cloud computing environment,Aditya Makwe,"priyeshkanungo@davvscsit.in, aliwagdy@staff.cu.edu.org, mazyad@ksu.edu.sa, director.aitcse@cumail.in, madhu_g@vnrvjiet.in, gjxiong1@gzu.edu.cn, amakwe@ietdavv.edu.in",India,10.1016/j.asej.2024.102785
Cloud Computing,Resource Scheduling and Load Balancing Algorithms in Cloud Computing,Rahul Vijay,"raja.sree@vit.ac.in, rahulvj2106@gmail.com",India,10.1016/j.procs.2023.12.088
Cloud Computing,Secure authentication schemes in cloud computing with glimpse of artificial neural networks: A review,Syed Amma Sheik,amuthaprabakar.m@vit.ac.in,India,10.1016/j.csa.2022.100002
Cloud Computing,Efficient task scheduling and computational offloading optimization with federated learning and blockchain in mobile cloud computing,Matheen Fathima G,matheen.20233CSE0025@presidencyuniversity.in,India,10.1016/j.rico.2025.100524
Cloud Computing,Review and analysis of secure energy efficient resource optimization approaches for virtual machine migration in cloud computing,Harmeet Kaur,abhineet.e13847@cumail.in,India,10.1016/j.measen.2022.100504
Cloud Computing,Optimizing horizontal scalability in cloud computing using simulated annealing for Internet of Things,Voore Subrahmanyam,"Kr.sarvi91@gmail.com, basantbitmtech2008@kluniversity.in, pawan.bhambu@vgu.ac.in, subrahmanyam.voore@gmail.com, nirojpani@gmail.com, drsatyajee@gmail.com, ankur1990bist@gmail.com",India,10.1016/j.measen.2023.100829
Cloud Computing,"Evolutionary trends in progressive cloud computing based healthcare: Ideas, enablers, and barriers",Mohd Javaid,"ahaleem@jmi.ac.in, shanayrab753@gmail.com, singhrp@nitj.ac.in, haleemkhan.i@northeastern.edu, raje.suman@gmail.com",India,10.1016/j.ijcce.2022.06.001
Cloud Computing,An extended intelligent water drop approach for efficient VM allocation in secure cloud computing framework,Kalka Dubey,"subhash.sharma@pt.iitr.ac.in, kdubey@pp.iitr.ac.in",India,10.1016/j.jksuci.2020.11.001
Cloud Computing,Design of smart inventory management system for construction sector based on IoT and cloud computing,Rajesh Bose,"mandal.haraprasad@gmail.com, mondal.haraprasad@dibru.ac.in",India,10.1016/j.prime.2022.100051
Cloud Computing,Review analysis on cloud computing based smart grid technology in the oil pipeline sensor network system,E. B. Priyanka,"xiao.z.gao@gmail.com, priyankabhaskaran1993@gmail.com, thangavel.mts@kongu.ac.in",India,10.1016/j.ptlrs.2020.10.001
Cloud Computing,A survey of fault tolerance in cloud computing,Priti Kumari,parmeet.kaur@jiit.ac.in,India,10.1016/j.jksuci.2018.09.021
Cloud Computing,A survey on PSO based meta-heuristic scheduling mechanism in cloud computing environment,Arabinda Pradhan,"sukantabisoyi@yahoo.com, amardeep.das@cvrce.edu.in, arabindapradhan1@gmail.com",India,10.1016/j.jksuci.2021.01.003
Cloud Computing,Intrusion detection for network based cloud computing by custom RC-NN and optimization,T. Thilagam,"thilagam850@gmail.com, drraruna@veltech.edu.in",India,10.1016/j.icte.2021.04.006
Cloud Computing,An identity based access control and mutual authentication framework for distributed cloud computing services in IoT environment using smart cards,B. B. Gupta,bbgupta@nitkkr.ac.in,India,10.1016/j.procs.2018.05.185
Cloud Computing,Era of Cloud Computing: A New Insight to Hybrid Cloud,Aishwarya Srinivasan,"vijayakumar.v@vit.ac.in, aishwarya.srinivasan2013@gmail.com, abdulquadir.md@vit.ac.in",India,10.1016/j.procs.2015.04.059
Cloud Computing,Dynamic Verifiable Outsourced Database with Freshness in Cloud Computing,Swapnil Ramesh Ausekar,"ausekarswapnil@gmail.com, psyamkumar@idrbt.ac.in",India,10.1016/j.procs.2018.10.408
Cloud Computing,Task scheduling for cloud computing using multi-objective hybrid bacteria foraging algorithm,Sobhanayak Srichandan,"bdsahu@nitrkl.ac.in, srichandan@iiit-bh.ac.in",India,10.1016/j.fcij.2018.03.004
Cloud Computing,Demand side management scheme in smart grid with cloud computing approach using stochastic dynamic programming,S. Sofana Reka,"chocos.sofana@gmail.com, vramesh@vit.ac.in",India,10.1016/j.pisc.2016.04.024
Cloud Computing,EWPTNN: An Efficient Workload Prediction Model in Cloud Computing Using Two-Stage Neural Networks,K. Dinesh Kumar,umamaheswari.e@vit.ac.in,India,10.1016/j.procs.2020.01.097
Cloud Computing,BDNA-A DNA inspired symmetric key cryptographic technique to secure cloud computing,Manreet Sohal,manreet.cetrsh@gndu.ac.in,India,10.1016/j.jksuci.2018.09.024
Cloud Computing,KBR: Knowledge Based Reduction Method for Virtual Machine Migration in Cloud Computing,R Bhaskar,bhaskar@dbit.co.in,India,10.1016/j.procs.2020.01.026
Cloud Computing,Enhanced Attribute Based Encryption for Cloud Computing,N. Saravana Kumar,balamuruganb@vit.ac.in,India,10.1016/j.procs.2015.02.127
Cloud Computing,Optimized Public Auditing and Data Dynamics for Data Storage Security in Cloud Computing,Anirudha Pratap Singh,psyamkumar@idrbt.ac.in,India,10.1016/j.procs.2016.07.286
Cloud Computing,An Extended Trust Management Scheme for Location Based Real-time Service Composition in Secure Cloud Computing,C. Bharathi,bharathi.c2013@vit.ac.in,India,10.1016/j.procs.2015.04.068
Cloud Computing,A review of metaheuristic scheduling techniques in cloud computing,Mala Kalra,malakalra2004@yahoo.co.in,India,10.1016/j.eij.2015.07.001
Cloud Computing,Intelligent Vehicle Monitoring Using Global Positioning System and Cloud Computing,Dimil Jose,Sridhar.vg@vit.ac.in,India,10.1016/j.procs.2015.04.012
Cloud Computing,Simulation modeling of cloud computing for smart grid using CloudSim,Sandeep Mehmi,"vermah@nitj.ac.in, sandeep.mehmi@gmail.com, sangalal@nitj.ac.in",India,10.1016/j.jesit.2016.10.004
Cloud Computing,A Preference-based Resource Allocation in Cloud Computing Systems,Narander Kumar,nk_iet@yahoo.co.in,India,10.1016/j.procs.2015.07.375
Cloud Computing,Cloud Audit: A Data Integrity Verification Approach for Cloud Computing,Rajat Saxena,rajat.saxena@iiti.ac.in,India,10.1016/j.procs.2016.06.024
Cloud Computing,A novel algorithm for reducing energy-consumption in cloud computing environment: Web service computing approach,N. Moganarangan,"booni_67@yahoo.co.in, rengannsj77@gmail.com, dhavachelvan@gmail.com, m.s.saleembasha@gmail.com, r.g.babukarthik@gmail.com",India,10.1016/j.jksuci.2014.04.007
Cloud Computing,Customized 3-tier Service Suite Conceptualization in Cloud Computing,Chandan Banerjee,"rdattagupta@cse.jdvu.ac.in, anirban.kundu@kuang-chi.org, chandanbanerjee1@gmail.com, anik76in@gmail.com",India,10.1016/j.protcy.2012.05.089
Cloud Computing,Artificial Intelligence based Network Intrusion Detection with hyper-parameter optimization tuning on the realistic cyber dataset CSE-CIC-IDS2018 using cloud computing,V. Kanimozhi,"kanimv@yahoo.co.in, premjac@yahoo.com",India,10.1016/j.icte.2019.03.003
Cloud Computing,Emergence of serverless computing in cloud: A state-of-the-art review of challenges and opportunities,Anisha Kumari,"ranjan@iiitranchi.ac.in, bdsahu@nitrkl.ac.in, kshirasagar.s@srmap.edu.in, anisha.kumarifcs@kiit.ac.in, gandomi@uts.edu.au",India,10.1016/j.mlwa.2026.100862
Cloud Computing,SC-PPO: Spectral clustering-guided Proximal Policy Optimization for distributed workflow scheduling in cloud–fog computing,Sambeet Patro,"sambeet.patro@cutm.ac.in, sangram@cutm.ac.in, ms.sudheer@manipal.edu",India,10.1016/j.eij.2026.100920
Cloud Computing,IOT monitoring membrane computing based on quantum inspiration to enhance security in cloud network,G. Visalaxi,"dean.arts@bharathuniv.ac.in, gvisalaxi@gmail.com",India,10.1016/j.measen.2023.100755
Cloud Computing,A method to enhance privacy preservation in cloud storage through a three-layer scheme for computational intelligence in fog computing,Sneha Ojha,pspaygude@bvucoep.edu.in,India,10.1016/j.mex.2024.103053
Cloud Computing,Adaptive Parametric Framework for Sustainable Digital Innovation Optimization in Cloud-Edge Computing Environments,Akey Sungheetha,rajeshsharma.r@alliance.edu.in,India,10.1016/j.procs.2026.06.245
Cloud Computing,High Performance Parallel Computing with Cloud Technologies,R. Kannadasan,kannadasan.r@vit.ac.in,India,10.1016/j.procs.2018.05.004
Cloud Computing,Energy efficient strategy for placement of virtual machines selected from underloaded servers in compute Cloud,Nimisha Patel,"hbpatel1976@gmail.com, nimishaa_25@yahoo.co.in",India,10.1016/j.jksuci.2017.11.003
Cloud Computing,Modeling factors influencing information sharing in cloud computing budgeting,Sakthi Mahenthniran,smahenthiran@dom.edu,India,10.1016/j.ssaho.2026.103068
Cloud Computing,Game Theoretic Resource Allocation in Cloud Computing using Auction Mechanism,Khurshed Ahamad,khursedahmad88@gmail.com,India,10.1016/j.procs.2026.06.447
Cloud Computing,Weibull distributed recurrent neural ergodic skewed certificateless signcryption for data protection in cloud computing environment,J. Mala,"prashantece403@gmail.com, jmala2004@gmail.com, karthick.arul@gmail.com",India,10.1016/j.asej.2026.103991
Cloud Computing,Evolutionary gravitational neocognitron neural network espoused blockchain-based intrusion detection framework for enhancing cybersecurity in a cloud computing environment,R. Ravi Kanth,"ravi.kranthi787@gmail.com, premjac@yahoo.com",India,10.1016/j.asej.2025.103805
Cloud Computing,A Multi-Objective JAYA-Based Workflow Scheduling in Fog-Cloud Computing Environment,Saiyam Varshney,saiyamvarshney1@gmail.com,India,10.1016/j.procs.2025.03.324
Cloud Computing,GEP optimization for load balancing of virtual machines (LBVM) in cloud computing,G. Muneeswari,muneeswari.g.vitap@gmail.com,India,10.1016/j.measen.2024.101076
Cloud Computing,Quality of service aware improved coati optimization algorithm for efficient task scheduling in cloud computing environment,P. Tamilarasu,Tamilarasuit@gmail.com,India,10.1016/j.jer.2023.09.024
Cloud Computing,Effective load balancing approach in cloud computing using Inspired Lion Optimization Algorithm,Kaviarasan R,Kaviarasanr64@pec.edu,India,10.1016/j.prime.2023.100326
Cloud Computing,Block chain based IAS protocol to enhance security and privacy in cloud computing,S. Navin Prasad,navida5k@gmail.com,India,10.1016/j.measen.2023.100813
Cloud Computing,LRDADF: An AI enabled framework for detecting low-rate DDoS attacks in cloud computing environments,M. Jahir Pasha,"mallareddyadudhodla@gmail.com, pkaru@gitam.edu, jahir4444@gmail.com",India,10.1016/j.measen.2023.100828
Cloud Computing,Efficient Workflow Scheduling algorithm in cloud computing using Whale Optimization,Sudheer Mangalampalli,mssudheer2015@gmail.com,India,10.1016/j.procs.2023.01.170
Cloud Computing,Investigation of Task Scheduling in Cloud Computing by using Imperialist Competitive and Crow Search Algorithms,Jayavadivel Ravi,infotech.jaya@gmail.com,India,10.1016/j.procs.2023.12.044
Cloud Computing,Privacy preserving steganography based biometric authentication system for cloud computing environment,D. Prabhu,dprabhume@gmail.com,India,10.1016/j.measen.2022.100511
Cloud Computing,Intrusion detection system in distributed cloud computing: Hybrid clustering and classification methods,K. Samunnisa,"kasamadhavivenkat@gmail.com, sunilvkg@gmail.com, samunnisa14@gmail.com",India,10.1016/j.measen.2022.100612
Cloud Computing,Ant colony based optimization model for QoS-based task scheduling in cloud computing environment,Neetu Sharma,"neetush75@gmail.com, puneetgarg.er@gmail.com, sonalkharb@gmail.com",India,10.1016/j.measen.2022.100531
Cloud Computing,Modelling of smart risk assessment approach for cloud computing environment using AI & supervised machine learning algorithms,Abhishek Sharma,abhiujn9@gmail.com,India,10.1016/j.gltp.2022.03.030
Cloud Computing,Integrating big data and cloud computing topics into the computing curricula: A modular approach,Debzani Deb,"fuadmo@wssu.edu, debd@wssu.edu",India,10.1016/j.jpdc.2021.07.012
Cloud Computing,A novel load balancing technique for cloud computing platform based on PSO,Arabinda Pradhan,arabindapradhan1@gmail.com,India,10.1016/j.jksuci.2020.10.016
Cloud Computing,Secure DNA and Morse code based Profile access control models for Cloud Computing Environment,Monika Yadav,manvibreja@ncuindia.edu,India,10.1016/j.procs.2020.03.317
Cloud Computing,Autoregressive Dragonfly Optimization for Multiobjective Task Scheduling (ADO-MTS) in Mobile Cloud Computing,Matish Garg,matish1981@gmail.com,India,10.1016/S2307-1877(25)00767-9
Cloud Computing,Exploring Data Security Issues and Solutions in Cloud Computing,P. Ravi Kumar,ravi2266@gmail.com,India,10.1016/j.procs.2017.12.089
Cloud Computing,Cloud Computing Tools: Inside Views and Analysis,Soumya Ranjan Jena,soumyajena1989@gmail.com,India,10.1016/j.procs.2020.06.045
Cloud Computing,Hybridization of meta-heuristic algorithm for load balancing in cloud computing environment,U. K. Jena,"uttamkumarjenasir@gmail.com, kabatmanas@gmail.com",India,10.1016/j.jksuci.2020.01.012
Cloud Computing,MetaCloudDataStorage Architecture for Big Data Security in Cloud Computing,Gunasekaran Manogaran,chandutmca@gmail.com,India,10.1016/j.procs.2016.05.138
Cloud Computing,EECDH to prevent MITM attack in cloud computing,Shajina Anand,"varanip@gmail.com, shajina.ar@gmail.com",India,10.1016/j.dcan.2019.10.007
Cloud Computing,Development of trust based access control models using fuzzy logic in cloud computing,Abhishek Kesarwani,keabhi20@gmail.com,India,10.1016/j.jksuci.2019.11.001
Cloud Computing,Modified Round Robin Algorithm for Resource Allocation in Cloud Computing,Pandaba Pradhan,"ppradhan11@gmail.com, bnbray@yahoo.com, p_behera@hotmail.com",India,10.1016/j.procs.2016.05.278
Cloud Computing,A pair-based task scheduling algorithm for cloud computing environment,Sanjaya Kumar Panda,sanjayauce@gmail.com,India,10.1016/j.jksuci.2018.10.001
Cloud Computing,Security Issues in Service Model of Cloud Computing Environment,B. Hari Krishna,"muralig521@gmail.com, pradeepmadhavi@gmail.com, haribommala@gmail.com, rkirans125@gmail.com",India,10.1016/j.procs.2016.05.156
Cloud Computing,PCR and Bio-signature for data confidentiality and integrity in mobile cloud computing,Sreeja Cherillath Sukumaran,sreejasukumaran@gmail.com,India,10.1016/j.jksuci.2018.03.008
Cloud Computing,Autonomous Agent Based Load Balancing Algorithm in Cloud Computing,Aarti Singh,mmanishamalhotra@gmail.com,India,10.1016/j.procs.2015.03.168
Cloud Computing,Load balancing in cloud computing: A big picture,Sambit Kumar Mishra,"hoo@gmail.com, skmishra.nitrkl@gmail.com, parida.priti@yahoo.com",India,10.1016/j.jksuci.2018.01.003
Cloud Computing,Comparative analysis of VM consolidation algorithms for cloud computing, Nagma,jagpreet.pu@gmail.com,India,10.1016/j.procs.2020.03.350
Cloud Computing,Impact of Processing and Analyzing Healthcare Big Data on Cloud Computing Environment by Implementing Hadoop Cluster,Sreekanth Rallapalli,rsreekanth1@yahoo.com,India,10.1016/j.procs.2016.05.171
Cloud Computing,An In-depth Analysis and Study of Load Balancing Techniques in the Cloud Computing Environment,P. P. Geethu Gopinath,"geetkrish90@gmail.com, Kv_shriram@cb.amrita.edu",India,10.1016/j.procs.2015.04.009
Cloud Computing,Trust Model for Measuring Security Strength of Cloud Computing Service,Rizwana Shaikh,the.little.sasi@gmail.com,India,10.1016/j.procs.2015.03.165
Cloud Computing,Security Algorithms for Cloud Computing,Akashdeep Bhardwaj,Bhrdwh@yahoo.com,India,10.1016/j.procs.2016.05.215
Cloud Computing,Enhanced XSS Defensive Framework for Web Applications Deployed in the Virtual Machines of Cloud Computing Environment,Shashank Gupta,shashank.csit@gmail.com,India,10.1016/j.protcy.2016.05.152
Cloud Computing,Efficient Service Utilization in Cloud Computing Exploitation Victimization as Revised Rough Set Optimization Service Parameters,Ashish Tiwari,"mr.shashank.gupta@ieee.org, emanojcse@gmail.com, er.ashish.tiwari89@gmail.com",India,10.1016/j.procs.2015.10.050
Cloud Computing,A novel agent based autonomous and service composition framework for cost optimization of resource provisioning in cloud computing,Aarti Singh,singh2208@gmail.com,India,10.1016/j.jksuci.2015.09.001
Cloud Computing,Hypothesis Test for Low-rate DDoS Attack Detection in Cloud Computing Environment,Kriti Bhushan,gupta.brij@gmail.com,India,10.1016/j.procs.2018.05.110
Cloud Computing,Credit Based Scheduling Algorithm in Cloud Computing Environment,Antony Thomas,antonythomas.info@gmail.com,India,10.1016/j.procs.2015.02.162
Cloud Computing,Advanced Memory Reusing Mechanism for Virtual Machines in Cloud Computing,Gursharan Singh,gursharan.dhot@gmail.com,India,10.1016/j.procs.2015.07.373
Cloud Computing,Dynamic Resource Allocation Scheme in Cloud Computing,A. T. Saraswathi,spmcse@tce.edu,India,10.1016/j.procs.2015.03.180
Cloud Computing,A Critical Analysis of Energy Efficient Virtual Machine Placement Techniques and its Optimization in a Cloud Computing Environment,Ankita Choudhary,ankita.choudhary04ja@gmail.com,India,10.1016/j.procs.2016.02.022
Cloud Computing,"A Practical, Secure, and Verifiable Cloud Computing for Mobile Systems",Sriram N. Premnath,haas@ece.cornell.edu,India,10.1016/j.procs.2014.07.033
Cloud Computing,Symptoms Based Treatment Based on Personal Health Record Using Cloud Computing,P. Dhivya,dhivyasnsce@gmail.com,India,10.1016/j.procs.2015.03.179
Cloud Computing,The Roles of Security and Trust: Comparing Cloud Computing and Banking,Ranjit Bose,bose@mgt.unm.edu,India,10.1016/j.sbspro.2013.02.015
Cloud Computing,"Cloud Computing for Higher Education Institutes: Architecture, Strategy and Recommendations for Effective Adaptation",Vaishali H. Pardeshi,vaishaliincthane@gmail.com,India,10.1016/S2212-5671(14)00224-X
Cloud Computing,Dynamic load balancing algorithm for balancing the workload among virtual machine in cloud computing,Mohit Kumar,mohit05cs33@gmail.com,India,10.1016/j.procs.2017.09.141
Cloud Computing,A Genetic Algorithm (GA) based Load Balancing Strategy for Cloud Computing,Kousik Dasgupta,kousik.dasgupta@gmail.com,India,10.1016/j.protcy.2013.12.369
Cloud Computing,A 30-m landsat-derived cropland extent product of Australia and China using random forest machine learning algorithm on Google Earth Engine cloud computing platform,Pardhasaradhi Teluguntla,"pthenkabail@usgs.gov, pteluguntla@usgs.gov",India,10.1016/j.isprsjprs.2018.07.017
Cloud Computing,Load Balancing in Cloud Computing using Stochastic Hill Climbing-A Soft Computing Approach,Brototi Mondal,brototi.snp@gmail.com,India,10.1016/j.protcy.2012.05.128
Cloud Computing,Integrating Signature Apriori based Network Intrusion Detection System (NIDS) in Cloud Computing,Chirag N. Modi,cnmodi.956@gmail.com,India,10.1016/j.protcy.2012.10.110
Cloud Computing,Distance and Traffic Based Virtual Machine Migration for Scalability in Cloud Computing,Nagamani H Shahapure,nagamani1326@gmail.com,India,10.1016/j.procs.2018.05.083
Cloud Computing,Deadline sensitive lease scheduling in cloud computing environment using AHP,Suvendu Chandan Nayak,"vssut@yahoo.com, Suvendu2006@gmail.com",India,10.1016/j.jksuci.2016.05.003
Cloud Computing,Scalable Database Management in Cloud Computing,Pankaj Deep Kaur,gitanjali1992sharma@gmail.com,India,10.1016/j.procs.2015.10.102
Cloud Computing,Identification of a company’s suitability for the adoption of cloud computing and modelling its corresponding Return on Investment,Subhas Chandra Misra,s_c_misra@yahoo.com,India,10.1016/j.mcm.2010.03.037
Cloud Computing,Dynamic Integration of Mobile JXTA with Cloud Computing for Emergency Rural Public Health Care,Rajasekaran Rajkumar,vitrajkumar@gmail.com,India,10.1016/j.phrp.2013.09.004
Cloud Computing,Quality of service driven energy-efficient computing to enhance sustainable cloud,Chitra Sharma,"pradeeptiwari.mca@gmail.com, chitra.201025601@muj.manipal.edu, Kumar.ashish@jaipur.manipal.edu",India,10.1016/j.array.2026.100790
Cloud Computing,A sensor-enabled cloud-based computing platform for computational brain biomechanics,Ritika R. Menghani,reuben.kraft@psu.edu,India,10.1016/j.cmpb.2023.107470
Cloud Computing,Accessing Data by Using Presence Cloud Based Solution for on Demand Services in Wireless Computing Devices,Monali. D. Akhare,"akhare.monali@gmail.com, kandoin2011@gmail.com",India,10.1016/j.procs.2016.05.270
Computer Vision,Estimation of mass and volume of freshly harvested Naga king chilli (<ce:italic>Capsicum chinense Jacq.</ce:italic>) using computer vision: Exploring changes during different storage days,Raj Singh,"saikumar@tezu.ernet.in, nickhil@tezu.ernet.in, pankaj@squ.edu.om",India,10.1016/j.foodp.2026.100087
Computer Vision,RoboticGrasp: A Computer Vision Enabled Object Grasping in Robotic Arm,Monika Vyas,2021krcp1002@iiitkota.ac.in,India,10.1016/j.procs.2026.06.359
Computer Vision,Computer vision-based location-aware antenna system for 5G applications,Irshad Ali T K,irshad@mec.ac.in,India,10.1016/j.prime.2025.101004
Computer Vision,An Indian annotated weed dataset for computer vision tasks in precision farming,Sayali Shinde,"vahida.comp@coeptech.ac.in, sps22.comp@coeptech.ac.in",India,10.1016/j.dib.2025.111691
Computer Vision,Smart Rose Harvesting: Integrating Computer Vision for Disease Detection in Precision Agriculture,Meena L,"hemantha76@gmail.com, shivaprasaddl143@gmail.com, meenalgowda26@gmail.com, dsg@compsci.uni-mysore.ac.in",India,10.1016/j.procs.2026.06.149
Computer Vision,Thermal imaging for void detection and quantification in precast grouted structures using computer vision,Varun Patrikar,malathi.g@vit.ac.in,India,10.1016/j.aej.2024.11.080
Computer Vision,Computer vision-based detection and classification of chemically ripened bananas and papayas at vendor site through deep learning AI models using real-time dataset,Adhithya S,"adhithya.2022@vitstudent.ac.in, j.kathirvelan@vit.ac.in",India,10.1016/j.rineng.2025.104730
Computer Vision,"Computer vision to enhance healthcare domain: An overview of features, implementation, and opportunities",Mohd Javaid,"mjavaid@jmi.ac.in, singhrp@nitkkr.ac.in, ahaleem@jmi.ac.in, mahmed1@jmi.ac.in",India,10.1016/j.ipha.2024.05.007
Computer Vision,Real-Time Animal Monitoring and Identification Using Deep Computer Vision,Shivaprasad D L,"bushrafathima208@gmail.com, shivaprasaddl143@gmail.com, bbhavanimr@gmail.com, dsg@compsci.uni-mysore.ac.in",India,10.1016/j.procs.2026.06.124
Computer Vision,AgCV: An Agentic framework for automating computer vision application,Arav Saxena,"akgupta5592@gmail.com, archana.chaudhari@sitpune.edu.in",India,10.1016/j.mex.2025.103424
Computer Vision,Evaluating defensive driving behaviour based on safe distance between vehicles: A case study using computer vision on UAV videos at urban roundabout,Yagnik M. Bhavsar,yagnik.b@ahduni.edu.in,India,10.1016/j.multra.2025.100227
Computer Vision,Evolving Convolutional Neural Networks with Meta-Heuristics for Transfer Learning in Computer Vision,V Srilakshmi,srilakshmi.v@bvrit.ac.in,India,10.1016/j.procs.2023.12.121
Computer Vision,A systematic review of intelligent tutoring systems based on Gross body movement detected using computer vision,T. S. Ashwin,"prakashvijay649@gmail.com, ashwindixit9@gmail.com, ramkumar.rajendran@iitb.ac.in",India,10.1016/j.caeai.2023.100125
Computer Vision,Yoga dataset: A resource for computer vision-based analysis of Yoga asanas,Yogesh Suryawanshi,kailas.patil@vupune.ac.in,India,10.1016/j.dib.2023.109257
Computer Vision,Computer vision based healthcare system for identification of diabetes & its types using AI,Avinash Sharma,"asharma@mmumullana.org, abhaychat@gmail.com, sadashiva.c@msrit.edu, alagujaisudhan@gmail.com, chanakya.kumar@indiraisbs.ac.in, Kdv.prasad@sibmhyd.edu.in",India,10.1016/j.measen.2023.100751
Computer Vision,Deep learning based computer vision approaches for smart agricultural applications,V. G. Dhanya,"subeesh.a@icar.gov.in, dhanya.vg@icar.gov.in",India,10.1016/j.aiia.2022.09.007
Computer Vision,Comparison of computer vision system and colour spectrophotometer for colour measurement of mozzarella cheese,Prashant Saurabh Minz,charanjiv_cjs@yahoo.co.in,India,10.1016/j.afres.2021.100020
Computer Vision,Black gram Plant Leaf Disease (BPLD) dataset for recognition and classification of diseases using computer-vision algorithms,Srinivas Talasila,"srinivas.41900454@lpu.in, kirti.20248@lpu.co.in",India,10.1016/j.dib.2022.108725
Computer Vision,Co-segmentation inspired attention module for video-based computer vision tasks,Arulkumar Subramaniam,aruls@cse.iitm.ac.in,India,10.1016/j.cviu.2022.103532
Computer Vision,Fruits and vegetables quality evaluation using computer vision: A review,Anuja Bhargava,"atul.bansal@gla.ac.in, anuja1012@gmail.com",India,10.1016/j.jksuci.2018.06.002
Computer Vision,A rapid method based on computer vision for the analysis of hardness and eutrophication levels in water bodies,Govindarajan Sivaranjani,"gopinathkp@ssn.edu.in, senthilchem8582@gmail.com, shivapss@gmail.com, senthilkumarp@ssn.edu.in",India,10.5004/dwt.2018.22671
Computer Vision,A Novel Predictive Analysis and Classification of Land Subsidence Vulnerability Mapping based on GIS using Hybrid Optimized Machine Learning Techniques and Computer Vision,Senthil G. A,"edrprabucse@gmail.com, danselinnisha.ece@sathyabama.ac.in, carunmemba@ieee.org, r.praba05@gmail.com, senthilga@gmail.com",India,10.1016/j.procs.2024.03.224
Computer Vision,Image Processing Based Machine Vision System For Datum Setting In Computer Numeric Control Machine,Jayabhaduri Radhakrishnan,"jayabhaduri.r@alliance.edu.in, jayabhaduri17@gmail.com",India,10.1016/j.procs.2025.07.056
Computer Vision,AI-Driven Computer Vision System for Fruit Quality and Safety Assessment: A Multi-model Approach,Yashvant Kumar,yashvantkrcs@gmail.com,India,10.1016/j.procs.2026.06.292
Computer Vision,Beyond proximity: A computer vision (CV) framework for quantifying occupant interactions and airborne exposure in indoor environments,Gautam Vanama,jsrebric@umd.edu,India,10.1016/j.buildenv.2026.114696
Computer Vision,Evaluation of multispectral imaging for freeze damage assessment in strawberries using AI-based computer vision technology,Sunil GC,xin.sun@ndsu.edu,India,10.1016/j.atech.2025.100851
Computer Vision,Tricho-Vision: The use of computer vision in trichotaxonomy for enhancing wildlife conservation of priority species,Alloy Das,mukherjeetanoy@gmail.com,India,10.1016/j.ecoinf.2025.103161
Computer Vision,Autonomous UAV navigation using deep learning-based computer vision frameworks: A systematic literature review,Aditya Vardhan Reddy Katkuri,"narkhatri@gmail.com, narendra.khatri@manipal.edu",India,10.1016/j.array.2024.100361
Computer Vision,A novel edge intelligence-based solution for safer footpath navigation of visually impaired using computer vision,Rashik Iram Chowdhury,"rashik.chowdhury@northsouth.edu, ishan.hossain@northsouth.edu, jareen.anjom@northsouth.edu",India,10.1016/j.jksuci.2024.102191
Computer Vision,Deep learning aided computer vision system for automated linear type trait evaluation in dairy cows,Indu Devi,naseeb501@gmail.com,India,10.1016/j.atech.2024.100509
Computer Vision,A computer vision-approach for activity recognition and residential monitoring of elderly people,Sudhir Gaikwad,"swati.shilaskar@vit.edu, sg22jn@gmail.com, shripad.bhatlawande@vit.edu",India,10.1016/j.medntd.2023.100272
Computer Vision,A novel approach to control the jointed arm robot by tracking the position of the moving object on a conveyor using an integrated computer vision system,Pramod Kumar Thotapalli,cvikramkumar@gmail.com,India,10.36909/jer.10509
Computer Vision,A deep learning model to assist visually impaired in pothole detection using computer vision,Arjun Paramarthalingam,prasannait91@gmail.com,India,10.1016/j.dajour.2024.100507
Computer Vision,Non-invasive early diagnosis of jaundice with computer vision,B Sreedha,Prashant@amrita.edu,India,10.1016/j.procs.2023.01.111
Computer Vision,Computer Vision based Panoptic Driving Perception under Various Weather Conditions,M. Sridevi,msridevi@nitt.edu,India,10.1016/j.procs.2024.05.168
Computer Vision,Artificial intelligence and diagnostic healthcare using computer vision and medical imaging,Gaurav Dhiman,gdhiman0001@gmail.com,India,10.1016/j.health.2024.100352
Computer Vision,Ship Detection in Synthetic Aperture Radar Imagery: An Active Contour Model Approach in Computer Vision Deep Learning,Tripty Singh,singh@blr.amrita.edu,India,10.1016/j.procs.2024.04.170
Computer Vision,An India soyabean dataset for identification and classification of diseases using computer-vision algorithms,Jameer Kotwal,jameerktwl@gmail.com,India,10.1016/j.dib.2024.110216
Computer Vision,A role of computer vision in fruits and vegetables among various horticulture products of agriculture fields: A survey,Mukesh Kumar Tripathi,"dhananjay.maktedar@gmail.com, mukeshtripathi016@gmail.com",India,10.1016/j.inpa.2019.07.003
Computer Vision,Face mask recogniser using image processing and computer vision approach,A. K. Sharadhi,sharadhiaks@gmail.com,India,10.1016/j.gltp.2022.04.016
Computer Vision,Insurance Fraud Identification using Computer Vision and IoT: A Study of Field Fires,Srishti Sahni,srishti.sahni16@gmail.com,India,10.1016/j.procs.2020.06.008
Computer Vision,Computer Vision Based Fruit Grading System for Quality Evaluation of Tomato in Agriculture industry,Megha. P. Arakeri,meghalakshman@gmail.com,India,10.1016/j.procs.2016.03.055
Computer Vision,Computer Vision Syndrome: Darkness Under the Shadow of Light,Ashish Chawla,ashchawla@gmail.com,India,10.1016/j.carj.2018.10.005
Computer Vision,Computer vision-based limestone rock-type classification using probabilistic neural network,Ashok Kumar Patel,snehamoy@gmail.com,India,10.1016/j.gsf.2014.10.005
Computer Vision,Plant leaf disease detection using computer vision and machine learning algorithms,Sunil S. Harakannanavar,sunilsh143@gmail.com,India,10.1016/j.gltp.2022.03.016
Computer Vision,Mathematical statistics and computer vision,Rama Chellappa,rama@cfar.umd.edu,India,10.1016/j.imavis.2012.03.008
Computer Vision,A Computer Vision based Framework for Visual Gun Detection Using Harris Interest Point Detector,Rohit Kumar Tiwari,rohitkushinagar@gmail.com,India,10.1016/j.procs.2015.06.083
Computer Vision,Generic Feature Learning in Computer Vision,D. Kanishka Nithin,nithincvim@gmail.com,India,10.1016/j.procs.2015.08.054
cyber security,The role of cyber security and digital transformation in gaining competitive advantage through Strategic Management Accounting,Varun Chotia,"varun.chotia@jaipuria.ac.in, kkhoualdi@kau.edu.sa, laura.broccardo@unito.it, mzyaqoub@kau.edu.sa",India,10.1016/j.techsoc.2025.102851
cyber security,A privacy-preserving based cyber security for communication attacks in active power distribution networks,Naveen Tatipatri,"arun.sl@vit.ac.in, tatipatri.naveen2020@vitstudent.ac.in",India,10.1016/j.ijepes.2025.111243
cyber security,The recent trends in cyber security: A review,Jagpreet Kaur,"k.ramkumar@chitkara.edu.in, jagpreet.kaur@chitkara.edu.in",India,10.1016/j.jksuci.2021.01.018
cyber security,A Framework for Fast and Efficient Cyber Security Network Intrusion Detection Using Apache Spark,Govind P. Gupta,gpgupta.it@nitrr.ac.in,India,10.1016/j.procs.2016.07.238
cyber security,OLM-CPS: Optimized Learning Models for the Security of Constrained Cyber Physical Systems,Zakir Ahmad Sheikh,"azakirah786@gmail.com, byashwant.csit@cujammu.ac.in",India,10.1016/j.procs.2025.04.140
cyber security,Security analysis of cyber physical system using digital forensic incident response,Pranita Binnar,"sgbhirud@ce.vjti.ac.in, fskazi@el.vjti.ac.in, pbbinnar_p19@ce.vjti.ac.in",India,10.1016/j.csa.2023.100034
cyber security,Enhancing the security in cyber-world by detecting the botnets using ensemble classification based machine learning,Sathiyandrakumar Srinivasan,"deepa.kumar@klu.ac.in, pssathiya77@gmail.com",India,10.1016/j.measen.2022.100624
cyber security,A framework for mapping organisational workforce knowledge profile in cyber security,Lata Nautiyal,"lata.nautiyal@bristol.ac.uk, awais.rashid@bristol.ac.uk",India,10.1016/j.cose.2024.103925
cyber security,Holistic Cyber Security Framework for Deep Web using Federated Learning in Healthcare and Distributed Computing,Subrata Paul,mitra.anirban@gmail.com,India,10.1016/j.procs.2025.04.503
cyber security,Perspectives of non-expert users on cyber security and privacy: An analysis of online discussions on twitter,Nandita Pattnaik,"np407@kent.ac.uk, J.R.C.Nurse@kent.ac.uk, S.J.Li@kent.ac.uk",India,10.1016/j.cose.2022.103008
cyber security,Dynamic probabilistic risk assessment and game theory for cyber security risk analysis in nuclear power plants,Pavan Kumar Vaddi,"diao.38@osu.edu, yzhao111@umd.edu, smidts.1@osu.edu, vaddi.3@osu.edu",India,10.1016/j.ress.2025.111702
cyber security,Novel hybrid deep learning based cyber security threat detection model with optimization algorithm,S. Markkandeyan,mrajakumaran90@gmail.com,India,10.1016/j.csa.2024.100075
cyber security,Hybrid dual-channel convolution neural network (DCCNN) with spider monkey optimization (SMO) for cyber security threats detection in internet of things,P. Vijayalakshmi,vijuswaamy@gmail.com,India,10.1016/j.measen.2023.100783
cyber security,IOT-based cyber security identification model through machine learning technique,Bechoo Lal,drblalpersonal@gmail.com,India,10.1016/j.measen.2023.100791
cyber security,Healthcare 4.0: A Review of Phishing Attacks in Cyber Security,K S N Sushma,sushmakyerra@gmail.com,India,10.1016/j.procs.2023.12.045
cyber security,Evaluating neural networks using Bi-Directional LSTM for network IDS (intrusion detection systems) in cyber security,Pooja TS,"psatsit@gmail.com, poojats.cse@gmail.com",India,10.1016/j.gltp.2021.08.017
cyber security,Establishing evolutionary game models for CYBer security information EXchange (CYBEX),Deepak Tosh,"dtosh@unr.edu, ssengupta@unr.edu",India,10.1016/j.jcss.2016.08.005
cyber security,"Cyber-physical security of Wide-Area Monitoring, Protection and Control in a smart grid environment",Aditya Ashok,aashok@iastate.edu,India,10.1016/j.jare.2013.12.005
cyber security,"Security of cyber-physical Additive Manufacturing supply chain: Survey, attack taxonomy and solutions",Mahender Kumar,"mahender.kumar@warwick.ac.uk, gregory.epiphaniou@warwick.ac.uk, CM@warwick.ac.uk",India,10.1016/j.cose.2025.104557
Database Management Systems,Blood Bank Management and Inventory Control Database Management System,Aman Shah,aman.sce18@sot.pdpu.ac.in,India,10.1016/j.procs.2021.12.261
Database Management Systems,RAW-HF framework to monitor and allocate resources in real time for database management systems,Mayank Patel,"minal_bhise@daiict.ac.in, mayank@daiict.ac.in",India,10.1016/j.simpa.2024.100643
Database Management Systems,5-Layered Architecture of Cloud Database Management System,Bashir Alam,shweta.mongia@yahoo.com,India,10.1016/j.aasri.2013.10.078
data science,"From Data Science to Bioscience: Emerging era of bioinformatics applications, tools and challenges",Naiyar Iqbal,naiyariqbal.rs@manuu.edu.in,India,10.1016/j.procs.2023.01.130
data science,How can artificial intelligence and data science algorithms predict life expectancy - An empirical investigation spanning 193 countries,Akanmode Eyitayo Ronmi,prasadrajesh@akgec.ac.in,India,10.1016/j.jjimei.2023.100168
data science,A Review of Application of Data Science Tools in Crack Identification and Localization,Nabam Teyi,"nbt@nerist.ac.in, nbtnerist@gmail.com",India,10.1016/j.prostr.2022.03.134
data science,Combating the menace: A survey on characterization and detection of fake news from a data science perspective,Wazib Ansar,"sgakc@caluniv.ac.in, wazibansar@ymail.com",India,10.1016/j.jjimei.2021.100052
data science,Machine learning based prediction of single-frequency viscoelastic brain white matter – A data science framework,M. Agarwal,pelegri@rutgers.edu,India,10.1016/j.compbiomed.2025.111152
data science,Investigating customer churn in banking: a machine learning approach and visualization app for data science and management,Pahul Preet Singh,nsakib1@kennesaw.edu,India,10.1016/j.dsm.2023.09.002
data science,India Policy Insights: A geospatial and temporal data science and visualization platform and architecture,Devika Jain,"svsubram@hsph.harvard.edu, kakkar@fas.harvard.edu",India,10.1016/j.softx.2025.102149
data science,Importance of statistics to data science,Jalajakshi V,jalajakshi.prakash@gmail.com,India,10.1016/j.gltp.2022.03.019
data science,Automatic skull-face overlay and mandible articulation in data science by AIRS-Genetic algorithm,N. Yuvaraj,"arshathraja.ru@gmail.com, sarvan148@gmail.com, nvkousik@gmail.com, yraj1989@gmail.com",India,10.1016/j.ijin.2020.05.003
data science,Data Science for Virtual Tourism Using Cutting-Edge Visualizations: Information Geometry and Conformal Mapping,Arni S. R. Srinivasa Rao,arrao@augusta.edu,India,10.1016/j.patter.2020.100067
data science,Identifying infrastructural gap areas for smart and sustainable tribal village development: A data science approach from India,Navaljit Kapoor,surya.singh@gmail.com,India,10.1016/j.jjimei.2021.100041
data science,"A novel data science application approach for classification of nutritional composition, instrumental colour, texture and sensory analysis of bael fruit (<ce:italic>Aegle marmelos</ce:italic> (L) correa)",Tanmay Sarkar,"crunu@hotmail.com, tanmays468@gmail.com",India,10.1016/j.ijin.2020.07.003
data science,Artificial intelligence and real-world data for drug and food safety – A regulatory science perspective,Shraddha Thakkar,Weida.tong@fda.hhs.gov,India,10.1016/j.yrtph.2023.105388
data science,Reproducibility and credibility in computational social science: Testing the fidelity of GenAI-generated data,Abhinandan Kulal,kulalabhinandan@gmail.com,India,10.1016/j.joitmc.2026.100792
data science,Biomedical Big Data Training Collaborative (BBDTC): An Effort to Bridge the Talent Gap in Biomedical Science and Research,Shweta Purawat,"shpurawat@sdsc.edu, altintas@sdsc.edu, ramaro@ucsd.edu, charliec@sdsc.edu",India,10.1016/j.procs.2016.05.454
informatics,Informatics in allergology,Mansi Pandit,N.Latha@bennett.edu.in,India,10.1016/j.allmed.2025.100091
informatics,Explainable Hybrid Transformer for Crisis Informatics: Combining Deep Contextual Embeddings with Handcrafted Cues,Vijay Kumar,abhik@mnnit.ac.in,India,10.1016/j.procs.2026.06.303
informatics,"Health informatics to enhance the healthcare industry's culture: An extensive analysis of its features, contributions, applications and limitations",Mohd Javaid,"singhrp@nitkkr.ac.in, ahaleem@jmi.ac.in, mjavaid@jmi.ac.in",India,10.1016/j.infoh.2024.05.001
informatics,Satellite-based assessment of Phenological Informatics and associated drivers over a biodiversity hotspot in the North Eastern Region of India,Mallika Bhuyan,"pujar@nrsc.gov.in, jeganathanc@bitmesra.ac.in, phdrs10001.20@bitmesra.ac.in",India,10.1016/j.indic.2025.100663
informatics,Protein informatics: Development and validation of a universal NIR spectroscopy-based deep learning and chemometric models for protein quantification in legume crops—A high-throughput approach for large germplasm screening,Simardeep Kaur,"simar2809@gmail.com, amit4118@gmail.com, verma.veerendra@gmail.com, J.Rana@cgiar.org, amit.singh5@icar.org.in, amritbir.riar@fibl.org, vinod.kumar15@icar.org.in, mohar.singh2@icar.org.in, Rakesh.Bhardwaj1@icar.org.in, siddhant.padhi1@gmail.com, d.wankhede@icar.org.in, Naseeb501@gmail.com, kuldeep.tripathi@icar.org.in, gayacharan@icar.org.in, racheal.john4595@gmail.com, mithuagri@gmail.com, biochem@yahoo.com, rajwantkalia@gmail.com, maharishi89@gmail.com",India,10.1016/j.fufo.2026.100909
informatics,Designing of multi-valent epitope vaccine displaying interactions with diverse HLA alleles against <ce:italic>Candida auri</ce:italic>s using immuno-informatics,Vaishali Ahlawat,"anil.chhillar@mdurohtak.ac.in, mehak.bioinfo@mdurohtak.ac.in",India,10.1016/j.jgeb.2025.100474
informatics,Exploring structural antigens of yellow fever virus to design multi-epitope subunit vaccine candidate by utilizing an immuno-informatics approach,Kiran Sura,"anil.chhillar@gmail.com, mehak.bioinfo@mdu.ac.in, mehakdangi2007@gmail.com",India,10.1186/s43141-023-00621-7
informatics,"Evaluation of travel speed of conventional buses and bus rapid transit service in Ahmedabad city, India using geo-informatics",Gaurav V. Jain,"m.parida@ce.iitr.ac.in, gvj@sac.isro.gov.in, profssjain@gmail.com",India,10.1016/j.jpubtr.2022.100034
informatics,A combined immuno-informatics and structure-based modeling approach for prediction of T cell epitopes of secretory proteins of <ce:italic>Mycobacterium tuberculosis</ce:italic>,J. Vani,nayak@mcbl.iisc.ernet.in,India,10.1016/j.micinf.2005.09.012
informatics,Identification and structural comparison of deleterious mutations in nsSNPs of ABL1 gene in chronic myeloid leukemia: A bio-informatics study,C. George Priya Doss,rsethumadhavan@vit.ac.in,India,10.1016/j.jbi.2007.12.004
informatics,Neuroimaging informatics framework for analyzing rare brain metastasis patterns in pleural mesothelioma using hybrid PET CT,Sumit Kumar Agrawal,"lt.nair@yahoo.com, dr.abhi22ndleo@gmail.com, indraprakash4411@gmail.com, docsumit1981@gmail.com, rajeevakhariya@gmail.com, triple.jain@gmail.com",India,10.1016/j.neuri.2025.100207
informatics,Inhibition profiling of Dihydrofolate Reductase (DHFR) by antibacterial agents: Toxic-informatics approach in congenital malformation,Adarsh Kumar Shukla,"adarshshukla349@gmail.com, prachi7k@gmail.com",India,10.1016/j.insi.2026.100248
informatics,Informatics on a social view and need of ethical interventions for wellbeing via interference of artificial intelligence,Kabita Das,biswaranjanpaital@gmail.com,India,10.1016/j.teler.2023.100065
informatics,Optimal settings and clinical validation for automated Ki67 calculation in neuroendocrine tumors with open source informatics (QuPath),Rima Pai,"Susan.karki@nuvancehealth.org, Steven.sieber@nuvancehealth.org, Samuel.Barasch@nuvancehealth.org",India,10.1016/j.jpi.2022.100141
informatics,Rapid implementation of a modular clinical trial informatics solution for COVID-19 research,Rupali Dhond,pollydhond@gmail.com,India,10.1016/j.imu.2021.100788
informatics,Pathology Informatics and Robotics Strategies for Improving Efficiency of COVID-19 Pooled Testing,Balaji Balasubramani,schamala@ufl.edu,India,10.1177/23742895211020485
informatics,Epitope based vaccine prediction for SARS-COV-2 by deploying immuno-informatics approach,Amit Joshi,"joshibhuwan76@gmail.com, maminulmannan@gmail.com, amit34655@gmail.com",India,10.1016/j.imu.2020.100338
informatics,"Groundwater Quality Analysis in Precambrian Rocks of Chitradurga District, Karnataka, India Using Geo-informatics Technique",H. T. Basavarajappa,basavarajappaht@gmail.com,India,10.1016/j.aqpro.2015.02.176
informatics,Smartphone assist deep neural network to detect the citrus diseases in Agri-informatics,Utpal Barman,utpalbelsor@gmail.com,India,10.1016/j.gltp.2021.10.004
informatics,Contemporary issues in transfusion medicine informatics,Gaurav Sharma,pantanowitzl@upmc.edu,India,10.4103/2153-3539.74961
informatics,MALDIViz: A Comprehensive Informatics Tool for MALDI-MS Data Visualization and Analysis,Kishore Kumar Jagadeesan,jkkishore85@gmail.com,India,10.1177/2472555217727517
informatics,"Human-centered explainability for life sciences, healthcare, and medical informatics",Sanjoy Dey,pmeyerr@us.ibm.com,India,10.1016/j.patter.2022.100493
informatics,Immuno-informatics based approaches to identify CD8+ T cell epitopes within the <ce:italic>Leishmania donovani</ce:italic> 3-ectonucleotidase in cured visceral leishmaniasis subjects, Vijayamahantesh,"drsanjiba.rmri@gmail.com, drsbimal24@yahoo.com",India,10.1016/j.micinf.2017.03.002
informatics,"Better binding informatics of delta variants (B.1.617.2) with ACE2 than wild, D614G or N501Y CoV-2 is fully blocked by 84 amino-acid cut of wild spike",Dipannita Santra,"maitism@rediffmail.com, bamrita.bioinfo@gmail.com",India,10.1016/j.imu.2022.100900
Internet of Things,Image authenticity through the implementation of advanced deep learning solutions in embedded systems and Internet of Things (IoT) applications,Vaishali Sharma,"vaishalisharma473@gmail.com, shruti.kalra@jiit.ac.in, ruby.beniwal@jiit.ac.in",India,10.1016/j.fraope.2026.100633
Internet of Things,PCA and PSO based optimized support vector machine for efficient intrusion detection in internet of things,Mutkule Prasad Raghunath,"waghulderajesh10@gmail.com, mutkuleprasad000@gmail.com, kishori.kasat@ssla.edu.in, dshyam100@yahoo.com, batyahan@gmail.com, poonam.benevolent@gmail.com, awasthymohan@gmail.com, sunil.bangare@gmail.com",India,10.1016/j.measen.2024.101806
Internet of Things,"Comprehensive analysis of aquaculture research trends focusing on Internet of Things, machine learning, water quality monitoring, and cybersecurity over two decades using bibliometric data",Rupali P. Shete,"anupkumar.bongale@sitpune.edu.in, deepak.dharrao@sitpune.edu.in, rupali.shete.phd2020@sitpune.edu.in",India,10.1016/j.rineng.2025.108266
Internet of Things,An analytical framework for blockchain-enabled internet of things in transparent supply chain systems,Princy Randhawa,"princy-aiml@dsu.edu.in, nithesh.naik@manipal.edu, ramakrishnagarine@gmail.com, mohansankaran@gmail.com, j.nagaraju@gmail.com, rajesharma470@gmail.com",India,10.1016/j.sca.2026.100211
Internet of Things,Internet of things and optimized knn based intelligent transportation system for traffic flow prediction in smart cities,Sunkara Teena Mrudula,"mahyudinritonga@gmail.com, keerthika@skcet.ac.in, sunkaramrudula@gmail.com, bhaskar.ec11@gmail.com, sammy@kluniversity.in, mt6458@gmail.com, M.jawarneh@aau.edu.jo",India,10.1016/j.measen.2024.101297
Internet of Things,Adoption of Internet of Things for smart city-enabled smart hospitals,Mohd Javaid,"shanayrab753@gmail.com, ahaleem@jmi.ac.in, shahbaz.me12@gmail.com, dr.r.suman@gbpuat-tech.ac.in, singhrp@nitkkr.ac.in, mjavaid@jmi.ac.in",India,10.1016/j.inhs.2025.100011
Internet of Things,"Exploring Personalized Internet of Things (PIoT), social connectivity, and Artificial Social Intelligence (ASI): A survey",Bisma Gulzar,bisma_2021phaite001@nitsri.ac.in,India,10.1016/j.hcc.2024.100242
Internet of Things,Theoretical study and analysis of advanced wireless sensor network techniques in Internet of Things (IoT),B. Yamini,"yamini.subagani@gmail.com, pradeepg@skcet.ac.in, mjh.it@rmkec.ac.in, kalaiccarthi@gmail.com, uthayakumargs@stjosephstechnology.ac.in",India,10.1016/j.measen.2024.101098
Internet of Things,Secure medical sensor monitoring framework using novel hybrid encryption algorithm driven by internet of things,M. Nester Jeyakumar,"nester@loyolacollege.edu, Dr.JasmineSamraj@qmgcw.edu.in",India,10.1016/j.measen.2024.101122
Internet of Things,Optimizing horizontal scalability in cloud computing using simulated annealing for Internet of Things,Voore Subrahmanyam,"pawan.bhambu@vgu.ac.in, subrahmanyam.voore@gmail.com, drsatyajee@gmail.com, nirojpani@gmail.com, Kr.sarvi91@gmail.com, basantbitmtech2008@kluniversity.in, ankur1990bist@gmail.com",India,10.1016/j.measen.2023.100829
Internet of Things,Smart office automation via faster R-CNN based face recognition and internet of things,G. Rajeshkumar,"b.veerasamy@klu.ac.in, blossomshermi@gmail.com, rajeshkumarg@bitsathy.ac.in, Braveenmani@hotmail.com, ganesh.eee.007@gmail.com, venkatit@psnacet.edu.in",India,10.1016/j.measen.2023.100719
Internet of Things,Predictive health behavior modeling using multimodal feature correlations via Medical Internet-of-Things devices,Moshe Dayan Sirapangi,"dayan.21phd7096@vitap.ac.in, gopikrishnan.s@vitap.ac.in",India,10.1016/j.heliyon.2024.e34429
Internet of Things,CLOUD load balancing for storing the internet of things using deep load balancer with enhanced security,K. Dhana Sree Devi,"anilkumar.ch@gmrit.edu.in, d.sumathiphd@gmail.com, balkiparu@gmail.com, dkunada@gitam.edu, vignesh.v@kce.ac.in, kirankataraki@gmail.com",India,10.1016/j.measen.2023.100818
Internet of Things,"Bridging realities into organizations through innovation and productivity: Exploring the intersection of artificial intelligence, internet of things, and big data analytics in the metaverse environment using a multi-method approach",Ashutosh Samadhiya,"rohit.a@iimbg.ac.in, A.Kumar@londonmet.ac.uk",India,10.1016/j.dss.2024.114290
Internet of Things,"Clock synchronization in industrial Internet of Things and potential works in precision time protocol: Review, challenges and future directions",Balakrishnan K,dhanalakshmir@iiitt.ac.in,India,10.1016/j.ijcce.2023.06.001
Internet of Things,A Substitution Box for Lightweight Ciphers to Secure Internet of Things,V. Panchami,panchamam036@iiitkottayam.ac.in,India,10.1016/j.jksuci.2023.03.004
Internet of Things,Identity Authentication System Network for Internet of Things and Blockchain-enabled Trading Platforms in Renewable Energy Generating Units,Partha Pratim Bhattacharjee,"mat550.bu@gmail.com, chaitali.ece@nitmz.ac.in, saibalda@ieee.org",India,10.1016/j.procs.2025.01.057
Internet of Things,ProvNet-IoT: Provenance based network layer forensics in Internet of Things,Lakshminarayana Sadineni,"rbbattula.cse@mnit.ac.in, 2018rcp9083@mnit.ac.in, espilli.cse@mnit.ac.in",India,10.1016/j.fsidi.2022.301441
Internet of Things,Industrial quality healthcare services using Internet of Things and fog computing approach,Dankan Gowda V,"dankan.v@bmsit.in, parismita.sarma@gmail.com, naziyahussain@gmail.com, kamesh3410@gmail.com, ravishankar.nitp1@gmail.com, abhaychat@gmail.com, asharma@mmumullana.org",India,10.1016/j.measen.2022.100517
Internet of Things,"Authentication, access control and scalability models in Internet of Things Security–A review",M Kokila,"srinivasareddy.k@vitap.ac.in, kokila.23phd7047@vitap.ac.in",India,10.1016/j.csa.2024.100057
Internet of Things,Internet of things and deep learning based digital twins for diagnosis of brain tumor by analyzing MRI images,Kavita A. Sultanpure,"ajpatankar@dypcoeakurdi.ac.in, bangare@gmail.com, kavita.sultanpure@gmail.com, jayashree.bagade@viit.ac.in, kdbamane@dypcoeakurdi.ac.in, sunil.bangare@gmail.com",India,10.1016/j.measen.2024.101220
Internet of Things,Security enhancement and attack detection using optimized hybrid deep learning and improved encryption algorithm over Internet of Things,Syed Shahul Hameed M,"akshaymsd@gmail.com, anilkumar.ch@gmrit.edu.in, pvishnu@kongu.ac.in, Syed.Hameed@utas.edu.om, Vishwanadh.mandala@gmail.com, Vmandala@iu.edu, aarthikalai@gmail.com",India,10.1016/j.measen.2023.100917
Internet of Things,"Internet of Things: Protocols, Applications and Security Issues",Dr. Sarika Choudhary,"gaurav.meena@curaj.ac.in, scpreety98@gmail.com",India,10.1016/j.procs.2022.12.030
Internet of Things,Optimizing data aggregation and clustering in Internet of things networks using principal component analysis and Q-learning,Abhishek Bajpai,abhishek@reck.ac.in,India,10.1016/j.dsm.2024.02.001
Internet of Things,Understanding the role and capabilities of Internet of Things-enabled Additive Manufacturing through its application areas,Reem Ashima,mjavaid@jmi.ac.in,India,10.1016/j.aiepr.2021.12.001
Internet of Things,Fuzzified swarm intelligence framework using FPSOR algorithm for high-speed MANET- Internet of Things (IoT),S. Harihara Gopalan,"deepadresearch@gmail.com, akvelmurugan74@gmail.com, dhanapalramasamy.p@gmail.com, urshari@gmail.com, u_suriya@yahoo.com, vignesh.v@kce.ac.in",India,10.1016/j.measen.2023.101000
Internet of Things,Internet of Things and smart sensors in agriculture: Scopes and challenges,Prem Rajak,"sadhikaryrnj@gmail.com, gangulyabhratanu@gmail.com, prem.rajak@knu.ac.in",India,10.1016/j.jafr.2023.100776
Internet of Things,Sensitive product feature integrity and confidentiality using blockchain-based internet of things (IoT) architecture,S. Goplakrishnan,"gopalakrishnan@ckcet.edu.in, mybmurthy@gmail.com, ashraf.saifee@gmail.com, mailtosenthilkumar@yahoo.com, mdzairhussain@gmail.com",India,10.1016/j.measen.2023.100798
Internet of Things,Secure medical sensor monitoring framework using novel optimal encryption algorithm driven by Internet of Things,J. Lekha,"sandhya.k@vidyanikethan.edu, lekha.j@christuniversity.in, sainijacobs@gmail.com, archana.u@gmrit.edu.in, satheeshjeo@gmail.com",India,10.1016/j.measen.2023.100929
Internet of Things,Hierarchical Clustering for Dynamic and Heterogeneous Internet of Things,J. Sathish Kumar,ads14co001@coed.svnit.ac.in,India,10.1016/j.procs.2016.07.211
Internet of Things,Performance comparison of machine learning algorithms for data aggregation in social internet of things,J Meghana,"hanumsbe@gmail.com, shivasp@sjce.ac.in",India,10.1016/j.gltp.2021.08.032
Internet of Things,A survey on Internet of Things architectures,P. P. Ray,ppray@cus.ac.in,India,10.1016/j.jksuci.2016.10.003
Internet of Things,Internet of things (IoT) in nano-integrated wearable biosensor devices for healthcare applications,Damini Verma,"singh@igntu.ac.in, jaysingh.chem@bhu.ac.in, jay_singh143@yahoo.co.in, pratimarsolanki@gmail.com, partima@mail.jnu.ac.in, rpsnpl69@gmail.com",India,10.1016/j.biosx.2022.100153
Internet of Things,An Overview of Security in Internet of Things,Deepa V Jose,deepa.v.jose@christuniversity.in,India,10.1016/j.procs.2018.10.439
Internet of Things,Upgrading the manufacturing sector via applications of Industrial Internet of Things (IIoT),Mohd Javaid,"ahaleem@jmi.ac.in, raje.suman@gmail.com, singhrp@nitj.ac.in, shanayrab753@gmail.com, mjavaid@jmi.ac.in",India,10.1016/j.sintl.2021.100129
Internet of Things,Automation and digitization of agriculture using artificial intelligence and internet of things,A. Subeesh,subeesh.a@icar.gov.in,India,10.1016/j.aiia.2021.11.004
Internet of Things,"Insight to security paradigm , research trend & statistics in internet of things(IoT)",Jyoti Neeli,"shamshekhar.patil@dr-ait.org, jyothi.neeli@gat.ac.in",India,10.1016/j.gltp.2021.01.012
Internet of Things,An Intelligent RPL attack detection using Machine Learning-Based Intrusion Detection System for Internet of Things,T Raghavendra,selvi.m@vit.ac.in,India,10.1016/j.procs.2022.12.007
Internet of Things,Event Localization in the Internet of Things Environment,Saurabh K Pandey,ds14co006@coed.svnit.ac.in,India,10.1016/j.procs.2017.09.154
Internet of Things,"Internet of Things in the global healthcare sector: Significance, applications, and barriers",Mohd Javaid,"ankush.raina@smvdu.ac.in, ahaleem@jmi.ac.in, singhrp@nitj.ac.in, haqmechanical@gmail.com, shanayrab753@gmail.com, mjavaid@jmi.ac.in",India,10.1016/j.ijin.2022.10.002
Internet of Things,Interface Protection and Energy Management System for Microgrid using Internet of Things,Sri Harsha Nandipati,vaithilingam.c@vit.ac.in,India,10.1016/j.egypro.2017.05.123
Internet of Things,Feature selection for intrusion detection system in Internet-of-Things (IoT),Pushparaj Nimbalkar,"ddk.comp@coep.ac.in, nimbalkarpr19.comp@coep.ac.in",India,10.1016/j.icte.2021.04.012
Internet of Things,Probabilistic Prediction based Scheduling for Delay Sensitive Traffic in Internet of Things,Reema Sharma,"navinkumar@ieee.org, sharma80reema@gmail.com, namrathagowda25@gmail.com, tsrinu@ece.iisc.ernet.in",India,10.1016/j.procs.2015.05.032
Internet of Things,Quantum Cryptography for Internet of Things Security,Alekha Parimal Bhatt,"anand_glee@yahoo.co.in, alekhabhatt365@gmail.com",India,10.11989/JEST.1674-862X.90523016
Internet of Things,Implementation of Personnel Localization & Automation Network (PLAN) Using Internet of Things (IoT),Deepika K,deepikak@rvce.edu.in,India,10.1016/j.procs.2020.04.094
Internet of Things,Hybrid intelligent intrusion detection system for internet of things,Shreeya Jain,pranav@dubai.bits-pilani.ac.in,India,10.1016/j.teler.2022.100030
Internet of Things,Conceptual approach on smart car parking system for industry 4.0 internet of things assisted networks,Suthir S,"juliafaiths@saec.ac.in, pon.harshavardhanan@vitbhopal.ac.in, kavitha_bhskr@yahoo.com, suthirsriram@gmail.com, senthilp@saec.ac.in, veenat@saec.ac.in, v.niviece@gmail.com",India,10.1016/j.measen.2022.100474
Internet of Things,Towards an effective deep learning-based intrusion detection system in the internet of things,Pampapathi B M,"mnguptha@yahoo.com, bm.pampapathi77@gmail.com, ghema_shri@yahoo.co.in",India,10.1016/j.teler.2022.100009
Internet of Things,Forest 4.0: Digitalization of forest using the Internet of Things (IoT),Rajesh Singh,amit.25010@lpu.co.in,India,10.1016/j.jksuci.2021.02.009
Internet of Things,Tools and Techniques for Collection and Analysis of Internet-of-Things malware: A systematic state-of-art review,Sanjay Madan,"divya@pec.ac.in, sanjaymadan.pec@gmail.com, sanjeevsofat@pec.ac.in",India,10.1016/j.jksuci.2021.12.016
Internet of Things,TOMLDIoMT-A Trust based Optimized Machine learning Detector for Internet of Medical Things,Himani Tyagi,"gaura.15.03.2021@gmail.com, rkumar1@jmi.ac.in, santosh.pandey@meity.gov.in",India,10.1016/j.fraope.2026.100681
Internet of Things,A blockchain-based secured system using the Internet of Medical Things (IOMT) network for e-healthcare monitoring,Lokesh Lodha,"lokesh.lodha@jnujaipur.ac.in, j.bhuvana@jainuniversity.ac.in, socse.rahul@dbuu.ac.in, vishwadeepak.baghela@galgotiasuniversity.edu.in",India,10.1016/j.measen.2023.100904
Internet of Things,A novel healthcare framework for ambient assisted living using the internet of medical things (IOMT) and deep neural network,Renu Yadav,"ece.renu@dbuu.ac.in, s.srinivasan@galgotiasuniversity.edu.in, rajeeramanathan@gmail.com, chandra.shekhar@jnujaipur.ac.in, p.pradeepa@jainuniversity.ac.in",India,10.1016/j.measen.2024.101111
Internet of Things,Deep Reinforcement Learning Based Reliable Data Transmission Scheme for Internet of Underwater Things in 5G and Beyond Networks,Prakhar Consul,"e21soep0004@bennett.edu.in, ishan.budhiraja@bennett.edu.in, deepak.garg@sru.edu.in",India,10.1016/j.procs.2024.04.166
Internet of Things,Privacy and convergence analysis for the internet of medical things using massive MIMO,Rajni Gupta,"juhi@jiit.ac.in, 19402003@mail.jiit.ac.in",India,10.1016/j.prime.2024.100522
Internet of Things,Fog-cloud assisted framework for Heterogeneous Internet of Healthcare Things,Rashmi Chudhary,rashmi@iiitnr.edu.in,India,10.1016/j.procs.2021.03.030
Internet of Things,Smart and secure emergency vehicle to vehicle communication architecture using customized edge blockchain for internet of medical things,M. Marimuthu,marimuthu.m@vit.ac.in,India,10.1016/j.rineng.2026.109526
Internet of Things,"Internet of Things: Vision, Architecture, and Applications in Healthcare",Yajnaseni Dash,yajnasenidash@gmail.com,India,10.1016/j.procs.2026.05.076
Internet of Things,Adaptive Deep Reinforcement Learning-based Resource Management for Complex Decision Making in Industry Internet of Things Applications,Niharika Karne,"Chandra.Ramagundam@phila.gov, Stadiboina@geico.com, Niharika.Karne@amtrak.com, ranga08@gmail.com, ramagundam@cable.comcast.com",India,10.1016/j.procs.2024.12.025
Internet of Things,Cybersecurity in the Internet of Things: Trends and challenges in a nascent field,Pratham Ajmera,p.ajmera@tilburguniversity.edu,India,10.1016/j.clsr.2025.106204
Internet of Things,An Internet of Things-enabled smart glove for brain stroke rehabilitation,Heena Dhiman,er.heenadhiman11@gmail.com,India,10.1016/j.meadig.2025.100001
Internet of Things,A fully homomorphic encryption federated learning architecture for privacy preserving in industrial internet of things,Shraddha Subhedar,shraddha.subhedar@s.amity.edu,India,10.1016/j.mex.2026.103898
Internet of Things,Implementation and analysis of EMQX broker for MQTT protocol in the Internet of Things,Monika Kashyap,"anshkumardev@gmail.com, vidushisharma2018@gmail.com, mkashyap856@gmail.com",India,10.1016/j.prime.2024.100846
Internet of Things,A social relationship-based energy efficient routing scheme for Opportunistic Internet of Things, Rani,rani_lathwal@yahoo.com,India,10.1016/j.icte.2022.10.002
Internet of Things,Voting-based Ensemble Learning approach for Cyber Attacks Detection in Industrial Internet of Things,Roopa Golchha,roopajain@live.com,India,10.1016/j.procs.2023.01.153
Internet of Things,Enhanced Generic Framework for Privacy Preservation in Internet of Things Networks,Vikash Kumar,kundankumar291@gmail.com,India,10.1016/j.procs.2023.12.103
Internet of Things,Enhancing MQTT security for internet of things: Lightweight two-way authorization and authentication with advanced security measures,Pallavi S. Bangare,"pallavi.bangare@gmail.com, kppatil1@gmail.com",India,10.1016/j.measen.2024.101212
Internet of Things,Designing an internet of things laboratory to improve student understanding of secure IoT systems,A. Ravishankar Rao,ravirao@fdu.edu,India,10.1016/j.iotcps.2023.10.002
Internet of Things,"A review on offloading in fog-based Internet of Things: Architecture, machine learning approaches, and open issues",Kalimullah Lone,kalimullah_03phd18@nitsri.net,India,10.1016/j.hcc.2023.100124
Internet of Things,Internet of Things Impact on Supply Chain Management,Kamalendu Pal,pal_kamal@hotmail.com,India,10.1016/j.procs.2023.03.061
Internet of Things,Internet of things-enabled plant factories in controlled environment agriculture for resource-efficient and climate-resilient urban farming,Mahesh R,rmaheshiari@gmail.com,India,10.1016/j.rineng.2026.110038
Internet of Things,Integrating artificial intelligence and Internet of Things (IoT) for enhanced crop monitoring and management in precision agriculture,Kushagra Sharma,marginshiv05@gmail.com,India,10.1016/j.sintl.2024.100292
Internet of Things,Prism blockchain enabled Internet of Things with deep reinforcement learning,Divija Swetha Gadiraju,"vaneet@purdue.edu, dgadiraju@unomaha.edu",India,10.1016/j.bcra.2024.100205
Internet of Things,Detection of features from the internet of things customer attitudes in the hotel industry using a deep neural network model,Sudha Rajesh,"sudharphd2021@gmail.com, bhuvaneswari.balachander@gmail.com, drsudharajesh84@gmail.com, kiranit2010@gmail.com, rooprajgahlot@gmail.com, balajiit@gmail.com",India,10.1016/j.measen.2022.100384
Internet of Things,A real time secured medical management system based on blockchain and internet of things,Sharda Tiwari,"ndhanda@lko.amity.edu, sharda26tiwari@yahoo.com, drharshdev@gmail.com",India,10.1016/j.measen.2022.100630
Internet of Things,An Internet of Things-based Efficient Solution for Smart Farming,Senthilkumar Mathi,m_senthil@cb.amrita.edu,India,10.1016/j.procs.2023.01.252
Internet of Things,Green Internet of Things (IoT) with dynamic sleep wake-up approach for constrained things,B. Raut Nitin,"nm_dhanya@cb.amrita.edu, bn_raut@cb.students.amrita.edu",India,10.1016/j.measen.2022.100656
Internet of Things,A new deep-learning with swarm based feature selection for intelligent intrusion detection for the Internet of things,R. Anushiya,"anushiyamca@gmail.com, lavanyavs29@gmail.com",India,10.1016/j.measen.2023.100700
Internet of Things,"Internet of Things for sustainable railway transportation: Past, present, and future",Prashant Singh,"mdulebenets@eng.famu.fsu.edu, vm21l@fsu.edu, prashant1.singh@famu.edu, ze20a@fsu.edu, junayed729@gmail.com",India,10.1016/j.clscn.2022.100065
Internet of Things,Reliable multi-path route selection strategy based on evidence theory for internet of things enabled networks,S. Lalitha,lalithas.bmsce@rediffmail.com,India,10.1016/j.measen.2023.100795
Internet of Things,Impact of Internet of Things (IoT) applications on HR analytics and sustainable business practices in smart city,Suplab Kanti Podder,"debabrata.samanta369@gmail.com, skpnext@gmail.com",India,10.1016/j.measen.2024.101296
Internet of Things,The embedded framework for securing the Internet of Things,A. B. Feroz Khan,abferozkhan@gmail.com,India,10.36909/jer.v9i2.9823
Internet of Things,Grey Wolf Algorithm based Energy-Efficient Data Transmission in Internet of Things,Mukhdeep Singh Manshahia,mukhdeep@gmail.com,India,10.1016/j.procs.2019.11.040
Internet of Things,A hybrid DL with the Internet of Things to monitor human activities using wearable sensors,Jeba Sheela A,jebasheela.soft@gmail.com,India,10.1016/j.measen.2022.100496
Internet of Things,"Security of Internet of Things (IoT) using federated learning and deep learning — Recent advancements, issues and prospects",Vinay Gugueoth,"vinayg@ieee.org, sshetty@odu.edu, sunitha.safavat@bison.howard.edu",India,10.1016/j.icte.2023.03.006
Internet of Things,Development of drying system by using internet of things for food quality monitoring and controlling,Nikita Mishra,nikitamishra1505@gmail.com,India,10.1016/j.nexus.2023.100219
Internet of Things,Healthcare and internet of things: The future of artificial intelligence and IoT technology,Amit A. Medhekar,vikasvp0456@gmail.com,India,10.1016/j.oor.2024.100279
Internet of Things,Improved chimp optimization algorithm (ICOA) feature selection and deep neural network framework for internet of things (IOT) based android malware detection,Tirumala Vasu G,tirumalavasu20@gmail.com,India,10.1016/j.measen.2023.100785
Internet of Things,Internet of things-based robust semi-analytical over ubiquitous data for indoor positioning geomagnetic,Mohammad Shabaz,"bhatsab4@gmail.com, mukesh.research24@gmail.com",India,10.1016/j.measen.2024.101107
Internet of Things,"Internet of Things: Vision, Applications and Challenges",Rishika Mehta,rishikamehta@ncuindia.edu,India,10.1016/j.procs.2018.05.042
Internet of Things,A Comparative Study of Location Privacy Preservation in the Internet of Things,Shelendra Kumar Jain,shelendra23@hotmail.com,India,10.1016/j.procs.2020.04.189
Internet of Things,Taking MQTT and NodeMcu to IOT: Communication in Internet of Things,Monika Kashyap,"svidushee@gmail.com, neeti.gupta04@gmail.com, mkashyap856@gmail.com",India,10.1016/j.procs.2018.05.126
Internet of Things,Ontology Based Public Healthcare System in Internet of Things (IoT), Abinaya,abinayap6@gmail.com,India,10.1016/j.procs.2015.04.067
Internet of Things,DDoS attack modeling and resistance using trust based protocol for the security of Internet of Things,A. B. Feroz Khan,mhd.muzaffar@gmail.com,India,10.1016/j.jer.2023.100058
Internet of Things,Data importance and feedback based adaptive level of authorization for the security of Internet of Things,Vivek V. Jog,jog.vivek@gmail.com,India,10.1016/S2307-1877(25)00614-5
Internet of Things,Defective node detection by employing DS theory and RP model for secure internet of things networks,S. Lalitha,"lalithas.bmsce@rediffmail.com, msrajan69@gmail.com",India,10.1016/j.measen.2023.100752
Internet of Things,On-road driver facial expression emotion recognition with parallel multi-verse optimizer (PMVO) and optical flow reconstruction for partial occlusion in internet of things (IoT),S. S. Sudha,"sudhasree2005@gmail.com, suganya.annur@gmail.com",India,10.1016/j.measen.2023.100711
Internet of Things,Internet of things and data mining: An application oriented survey,Priyank Sunhare,mkorwal@yahoo.com,India,10.1016/j.jksuci.2020.07.002
Internet of Things,A SDN Controller with Energy Efficient Routing in the Internet of Things (IoT),Carynthia Kharkongor,carynthiakharkongor@gmail.com,India,10.1016/j.procs.2016.06.048
Internet of Things,Internet of Things (IoT) enabled assistive care services: Designing for value and trust,Suman Bhattacharya,suman.bhattacharya@northumbria.ac.uk,India,10.1016/j.procs.2017.08.333
Internet of Things,Mask R-CNN aided fruit surface temperature monitoring algorithm with edge compute enabled internet of things system for automated apple heat stress management,Basavaraj R. Amogi,lav.khot@wsu.edu,India,10.1016/j.inpa.2023.12.001
Internet of Things,Analysis of Physical Layer Security via Co-operative Communication in Internet of Things,Aparna K. Nair,aparna1161621@gmail.com,India,10.1016/j.protcy.2016.05.162
Internet of Things,Detection of fetal brain abnormalities using data augmentation and convolutional neural network in internet of things,M. Priya,"priyamahamsc@gmail.com, nandumano@gmail.com",India,10.1016/j.measen.2023.100808
Internet of Things,A hybrid logistic DNA-based encryption system for securing the Internet of Things patient monitoring systems,Rajkumar Ettiyan,"rajkumar30980@gmail.com, vgeetha@pec.edu",India,10.1016/j.health.2023.100149
Internet of Things,Managing Computation Load on a Blockchain – based Multi – Layered Internet – of – Things Network,Rishi Broto Chakraborty,rishibroto1006@gmail.com,India,10.1016/j.procs.2018.05.146
Internet of Things,A Real-Time Intrusion Detection System for Wormhole Attack in the RPL based Internet of Things,Snehal Deshmukh-Bhosale,sa_bhosale@yahoo.com,India,10.1016/j.promfg.2019.02.292
Internet of Things,An attack resistant physical unclonable function smart optical sensors for internet of things for secure remote sensing,S. S. Sivaraju,"tanura1872@gmail.com, vmaniedu@gmail.com, sssivaraju@gmail.com, sss.srithar@gmail.com, divyabanupalanisamy@gmail.com, sssivaraju@ieee.org, ums612@gmail.com",India,10.1016/j.measen.2023.100882
Internet of Things,Secure and lightweight privacy preserving Internet of things integration for remote patient monitoring,Mohammed Imtyaz Ahmed,mdimtyazahmed@gmail.com,India,10.1016/j.jksuci.2021.07.016
Internet of Things,Data privacy preservation in MAC aware Internet of things with optimized key generation,G. Kalyani,"shilpasc29@msrit.edu, ghanta.kalyani@gmail.com",India,10.1016/j.jksuci.2019.12.008
Internet of Things,An energy efficient and scalable endpoint linked green content caching for Named Data Network based Internet of Things,H. S. Shrisha,shree.1259@gmail.com,India,10.1016/j.rineng.2022.100345
Internet of Things,Multi Criteria Decision Making (MCDM) based Spectrum Moderator for Fog-Assisted Internet of Things,Subha P Eswaran,subhape@gmail.com,India,10.1016/j.procs.2018.07.192
Internet of Things,Hybrid ToF and RSSI real-time semantic tracking with an adaptive industrial internet of things architecture,Sarogini Grace Pease,s.g.pease@lboro.ac.uk,India,10.1016/j.jnca.2017.10.010
Internet of Things,The Internet of Things Is Digitizing and Transforming Science,Alok Tayi,atayi@tetrascience.com,India,10.1177/2472630318788533
Internet of Things,An Automated Approach to Public Distribution System Using Internet of Things,Aaditya Verma,adityaverma1998@gmail.com,India,10.1016/j.procs.2018.05.178
Internet of Things,Internet of Things–Based Command Center to Improve Emergency Response in Underground Mines,Ankit Jha,ankitkrjha@gmail.com,India,10.1016/j.shaw.2021.10.003
Internet of Things,Network optimizations in the Internet of Things: A review,N. N. Srinidhi,srinidhinagesh@gmail.com,India,10.1016/j.jestch.2018.09.003
Internet of Things,Terminal Authentication in M2M Communications in the Context of Internet of Things,Aditya Kaushal Ranjan,aditya.k.ranjan@ieee.org,India,10.1016/j.procs.2016.06.006
Internet of Things,A blockchain future for internet of things security: a position paper,Mandrita Banerjee,"mandrita82@gmail.com, Junghee.Lee@utsa.edu, raymond.choo@fulbrightmail.org",India,10.1016/j.dcan.2017.10.006
Internet of Things,Service-oriented architecture for Internet of Things: A semantic approach,Sugyan Kumar Mishra,sugyan3@gmail.com,India,10.1016/j.jksuci.2021.09.024
Internet of Things,An internet of things assisted drone based approach to reduce rapid spread of COVID-19,Mohit Angurala,mohitpit@gmail.com,India,10.1016/j.jnlssr.2020.06.011
Internet of Things,A blockchain-enabled internet of medical things system for breast cancer detection in healthcare,Sushovan Chaudhury,Sushovan.chaudhury@gmail.com,India,10.1016/j.health.2023.100221
Internet of Things,Novel aperture coupled fractal antenna for Internet of wearable things (IoWT),K. A. Malar,malarkrishnan.06@gmail.com,India,10.1016/j.measen.2022.100533
Internet of Things,Secure internet of medical things based electronic health records scheme in trust decentralized loop federated learning consensus blockchain,Megha Kuliha,"meghazodape@gmail.com, sunitavarma19@gmail.com",India,10.1016/j.ijin.2024.03.001
machine learning,Machine learning-guided process optimization of MIAB welding for load-bearing ferrous tube structures,Mukti Chaturvedi,arungalai-ece@dsu.edu.in,India,10.1016/j.nxmate.2026.102784
machine learning,Machine learning-based prediction and optimization of vickers hardness and ultimate tensile strength in eutectic Al–Si/kyanite/graphite hybrid metal matrix composites,Rahul A. Patil,rahul.patil@nmiet.edu.in,India,10.1016/j.nxmate.2026.102660
machine learning,High performing metal oxide based materials identified for symmetric pseudocapacitor electrodes using unsupervised machine learning,Tikam C. Soni,mktripathi.mme@nitrr.ac.in,India,10.1016/j.nxmate.2026.102498
machine learning,"Remote Sensing and Machine Learning-Based Evaluation of Sediment Plume Impacts on Coastal Water Quality in Eastern England, United Kingdom",Neha Priyadarshini,"neha.phd2@pune.nicmar.ac.in, vprasad@nicmar.ac.in",India,10.1016/j.ejrs.2026.07.001
machine learning,Prediction of mechanical properties of friction stir processed 6061-O aluminium alloy using machine learning,Nowsath Begam Mohammed Yusuf,"nm2534@srmist.edu.in, balasunr@srmist.edu.in",India,10.1016/j.nxmate.2026.101714
machine learning,A review on bearing fault diagnosis methods with emphasis on machine learning and deep learning applications,Prachi Dixit,"padixit@bvucoep.edu.in, vvk.mfg@coeptech.ac.in, kuc21.mech@coeptech.ac.in, adinathf@gmail.com",India,10.1016/j.nxmate.2026.102040
machine learning,Harnessing machine learning for decoding <ce:italic>Caenorhabditis elegans</ce:italic> behavior,Kamesh R. Babu,kamesh@ddn.upes.ac.in,India,10.1016/j.mlwa.2026.100871
machine learning,Brain tumor segmentation and classification using machine learning with feature selection,Saicharan Dhodle,"23EG304A02@anurag.edu.in, saicharandhodle@gmail.com, msanthoshece@anurag.edu.in",India,10.1016/j.fraope.2026.100689
machine learning,Deciphering particulate matter dynamics in Asansol city: A novel approach using machine learning for enhanced prediction accuracy,Biplab Banerjee,"ksudipta867@gmail.com, agradeepm-botanyphd@msubaroda.ac.in, meher.manoj@gmail.com, biplab.b-geogphd@msubaroda.ac.in",India,10.1016/j.cpas.2026.100012
machine learning,A hybrid machine learning framework for image-based bearing fault diagnosis advancing SDG Goal 9: Sustainable industry and innovation,Madhumitha S.,"sathyanarayana.k@vit.ac.in, yashuvanthradhevi.s@vit.ac.in, madhumitha.s2024b@vitstudent.ac.in, saralees.nadarajah@manchester.ac.uk",India,10.1016/j.array.2026.101017
machine learning,Comparative analysis of quantum machine learning and classical deep learning for power system fault classification under noisy conditions,Jigneshkumar P. Desai,"jigneshkumar.desai35873@paruluniversity.ac.in, jpd.fetr@gmail.com",India,10.1016/j.rese.2026.05.001
machine learning,Machine learning-driven prediction of diesel engine performance parameters fueled with Karanja biodiesel blends using XGBoost algorithm,Rashid Khan,Rashid.khan@galgotiasuniversity.edu.in,India,10.1016/j.nxener.2026.100715
machine learning,Experimental data-driven machine learning approach for predicting workability in sustainable concrete using green material replacements,Varaprasad Janamala,"daram@mbu.asia, varaprasad.janamala@christuniversity.in, aparna@rvrjc.ac.in, m.beulah@christuniversity.in",India,10.1016/j.nxmate.2026.102234
machine learning,Machine learning-driven insights into CO₂ uptake and strength activity index of carbonated steel slag as supplementary cementitious material,Shreya Katre,shreya.katre@iitgn.ac.in,India,10.1016/j.cscm.2026.e06308
machine learning,Deciphering flood vulnerability of Himalayan river basin using explainable machine learning and multivariate probabilistic analysis,Soumya Kundu,somilswarnkar@iiserb.ac.in,India,10.1016/j.indic.2026.101350
machine learning,Regression and machine learning companion analysis of strength parameter interactions in fly ash concrete,Anasuya Mondal,anasuya.mondal@nit.ac.in,India,10.1016/j.nxmate.2026.102487
machine learning,Machine learning models for predicting pharmacokinetics and pharmacodynamics: A step toward personalized dosing,Paridhi Gupta,"falgunigoel2908@gmail.com, falguni.goel@miet.ac.in",India,10.1016/j.jhip.2026.02.007
machine learning,Physics-informed machine learning for pressure drop prediction in electrospun fibrous filters,Dharshini S T,ashutosh.mahajan@vit.ac.in,India,10.1016/j.rineng.2026.111397
machine learning,Machine learning techniques in biomedical data analysis: A scoping review of biostatistical perspectives,A. Usha,gnoelpdf25@sam.alliance.edu.in,India,10.1016/j.cegh.2026.102362
machine learning,Integrating machine learning models and acoustic signals for water pipeline leakage localization,Manian Saravanabalaji,"saravanabalaji.m.eie@kct.ac.in, aeparvathy@uaeu.ac.ae",India,10.1016/j.asej.2026.104138
machine learning,Multi-Temporal LULC Mapping in Central India Using Machine Learning and Satellite Imagery from Sentinel and HLS,Madhura Haralkar,24212031121@stu.manit.ac.in,India,10.1016/j.procs.2026.06.532
machine learning,Machine Learning-Enabled Glucose Sensing Using Concentric Dual-Ring Microwave Sensor,Sushma Choudhary,scs@jnu.ac.in,India,10.1016/j.procs.2026.06.158
machine learning,Magnetic wood composite for electromagnetic shielding: Experimental study and machine learning predictions,Aditya Kolakoti,"akolakoti@imu.ac.in, aditya.kolakoti@gmail.com",India,10.1016/j.nxmate.2026.101822
machine learning,Recent progresses on high entropy alloy development using machine learning: A review,Abhishek Kumar,"tpyadav@allduniv.ac.in, yadavtp@gmail.com, thakurp.yadav@bhu.ac.in",India,10.1016/j.commt.2025.100038
machine learning,Numerical investigation and prediction of load carrying capacity of textured pad thrust bearing using machine learning models,Dhanishta Sirohi,shipraaggarwal@igdtuw.ac.in,India,10.1016/j.tribin.2026.100005
machine learning,An integrated physics–machine learning framework for time-dependent injectivity decline and fracture growth in horizontal water-injection wells,Ranvijay Singh,ajaysuri@iitism.ac.in,India,10.1016/j.rineng.2026.110211
machine learning,Statistical and machine learning process characterization of abrasive water jet machine while machining of borosilicate glass,Meghna Gawade,"imsaiyath@gmail.com, vksjatti@gmail.com, arobalaji@gmail.com, anirban.sur@sitpune.edu.in",India,10.1016/j.nxmate.2026.102342
machine learning,Electrophysiological assessment of tomato plants under environmental stress stimuli by using machine-learning augmentation and circuit component analysis,Emina M․,ashis.tripathy@vit.ac.in,India,10.1016/j.atech.2026.102228
machine learning,Machine learning-enhanced surface plasmon resonance glucose biosensor using black phosphorus-strontium titanate multilayer architecture for non-invasive diabetes management,S. Ponlatha,"arunkumar.udayakumar@kahedu.edu.in, alhabeeb.kareem@nbu.edu.sa, natraj@sidtm.edu.in, ponlathas@mahendra.info",India,10.1016/j.asej.2026.104145
machine learning,Experimental and machine learning assisted predictive modelling of tribological performance in TiO<ce:inf loc=post>2</ce:inf>/Al/TiO<ce:inf loc=post>2</ce:inf> multilayer thin film coated stainless steel,Vishal Mehta,"mahendra.rathore8944@paruluniversity.ac.in, anand.joshi22952@paruluniversity.ac.in",India,10.1016/j.nxmate.2026.101846
machine learning,Performance optimization of lead-free KGeCl<ce:inf loc=post>3</ce:inf> solar cells using SCAPS-1D and stacked machine learning models,Md Amanullah Saifee,mskhan@jmi.ac.in,India,10.1016/j.nxmate.2026.102158
machine learning,Machine learning-integrated private blockchain framework for bias detection in clinical trials data,Shailesh Shetty S,shaileshshettys@sitmng.ac.in,India,10.1016/j.array.2026.101002
machine learning,Machine learning classification and screening of thermoelectric materials: Interpretable predictions with SHAP analysis,Rumaisa Jan,rumaisa_2023phaphy003@nitsri.ac.in,India,10.1016/j.chphi.2026.101094
machine learning,Numerical modeling and machine learning–assisted optimization of a WS₂–graphene hybrid THz metasurface for non-invasive glucose screening and early diabetes detection,Vijayakumar K,"arunkumar.udayakumar@kahedu.edu.in, kiruthikaa.r@kgkite.ac.in, kumaravelk.sdc@saveetha.com, k.vijayakumar@smcw.siu.edu.in",India,10.1016/j.rineng.2026.111634
machine learning,Machine Learning Based Cutting Force Prediction in Thin-Wall Turning Operation,Pronamika Borthakur,tcbera@pilani.bits-pilani.ac.in,India,10.1016/j.procir.2026.01.073
machine learning,Identification of eco-hydrological drivers controlling carbon exchanges of evergreen needle-leaf and deciduous broad-leaf ecosystems of Himalaya using machine learning classifiers,Priyanka Lohani,"sandipanmukherjee@hotmail.com, nirmali@tezu.ernet.in, sarma@tropmet.res.in, pramit.cat@tropmet.res.in",India,10.1016/j.ecolind.2026.114954
machine learning,Predictive Modeling and Analysis of Diabetes using Machine Learning,Pranav Vashistha,jitendra.bhatia@nirmauni.ac.in,India,10.1016/j.procs.2026.06.487
machine learning,Multi-omics integration and machine learning reveal biomarker networks and therapeutic targets in Alzheimer's disease,Shreya Satyanarayan Bhat,vidya.n@rvce.edu.in,India,10.1016/j.abst.2025.12.004
machine learning,A review on solid–liquid triboelectric nanogenerators for energy harvesting with machine learning and deep learning-based design optimization,B. M. Siddharth,himanshusp@diat.ac.in,India,10.1016/j.nxener.2026.100734
machine learning,Advancements in machine learning and deep learning for early detection and management of mental health disorder,Kamala Devi Kannan,senthilkumarj@mepcoeng.ac.in,India,10.1016/j.jadr.2026.101100
machine learning,Phishing URL Detection in Real-Time: Machine Learning and Deep Learning Approaches on a Custom Threat Intelligence Dataset,Y. Bhanu Prasad,"acse@vignan.ac.in, 241fg04002@vignan.ac.in, ravitez.dondeti@gmail.com, ypbhanu@gmail.com",India,10.1016/j.procs.2026.06.541
machine learning,"Integrated molecular and clinical profiling of primary mitochondrial oxidative phosphorylation disorders in an Indian cohort: Insights from genetics, neuroimaging, and machine learning",Subhadeep Banerjee,"jbenitol67@gmail.com, anjanchowdhury@iitism.ac.in",India,10.1016/j.mito.2026.102150
machine learning,An extensive analysis of machine learning algorithms for the identification and differentiation of high impedance faults in various power network topologies,Arangarajan Vinayagam,"dhanamjayulu.c@vit.ac.in, a.emara@ubt.edu.sa",India,10.1016/j.rineng.2026.110421
machine learning,A Cellular Automata-based Model for Air Quality Index Prediction: A Comparative Study with Machine Learning Techniques,Khitish Kumar Gadnayak,kkg.21cs1104@phd.nitdgp.ac.in,India,10.1016/j.procs.2026.06.471
machine learning,Design and machine learning driven optimization of tunable periodic cross-diamond terahertz metamaterial absorber,Pujita Bhatt,"prince.jain24312@paruluniversity.ac.in, princeece48@gmail.com",India,10.1016/j.nxmate.2026.101673
machine learning,Comment on “pressure-insensitive flexible bending sensor-enabled soft gripper for machine learning-based tomato size-sorting”,Deepti M. Sati,"deeptisati@gehu.ac.in, vanashridshinde@gmail.com, chhaya31jain@niet.co.in",India,10.1016/j.lwt.2026.119752
machine learning,Climate Pattern Shift Index (CPSI): A Machine Learning-Based Metric for Analysing Temporal Instability in Annual Temperature Profiles,Hasan Ahamed Alif,hasanahamed.alif@dhaanishcollege.in,India,10.1016/j.procs.2026.05.156
machine learning,Leveraging Hybrid Machine Learning and Transfer Learning for Enhanced Breast Cancer Relapse Modeling,Ghanashyam Sahoo,"ajitnayak@soa.ac.in, er.abhilash.pati@gmail.com, prasadnikhil176@gmail.com, pradyumnatripathy@gmail.com, ghanarvind@gmail.com, amrutansup89@gmail.com",India,10.1016/j.procs.2026.05.132
machine learning,"Neonatal jaundice detection: A comprehensive review of traditional, machine learning, deep learning and emerging approaches",Shilpa Achaliya,shilpa.achaliya@rait.ac.in,India,10.1016/j.ibmed.2026.100392
machine learning,Prediction of fracture toughness parameters of epoxy-carbon fabric-CNT composites using Taguchi's and machine learning approach,M. D. Kiran,"iprashmi@nitte.edu, amir1719@gmail.com, smerat.2020@gmail.com, nithinmech33@nitte.edu.in, madhumc@bmsit.in, rasoolkarimi83@gmail.com, msmurthy2005@gmail.com, kiranmdg@gmail.com",India,10.1016/j.hybadv.2026.100650
machine learning,Optimizing dielectric properties of corannulene nanomaterial for enhanced performance of next-generation electric vehicle batteries: A Machine learning and Nelder-Mead optimization approach,Upendra Kumar Potnuru,"k@gmrit.edu.in, s.a.alharthi@tu.edu.sa, mohantamtam@yu.ac.kr, thirumala.phy@gmail.com",India,10.1016/j.rinp.2025.108404
machine learning,Prediction and associated factors of fatigue in hypothyroidism using explainable machine learning models,Habiba Sundus,"drsajad33@gmail.com, sakhan_ahs@jamiahamdard.ac.in, fatima@jamiahamdard.ac.in, Habibasundus_sch@jamiahamdard.ac.in",India,10.1016/j.cegh.2026.102335
machine learning,A hybrid machine learning and cryptography-based predictive probability model for enhancing security and privacy in cloud-IoT environment,Mayank Pathak,"knmishra@bitmesra.ac.in, alok.mishra@ntnu.no",India,10.1016/j.cose.2026.104870
machine learning,"Modeling, prediction, and optimization of hybrid oscillating water column-Piezoelectric wave energy converter device using machine learning models",Vipin V․,"vipinkumaran82@gmail.com, kshma786@gmail.com, santanukoley1989@gmail.com, santanu@hyderabad.bits-pilani.ac.in, kshma.trivedi@vit.ac.in",India,10.1016/j.rineng.2026.109002
machine learning,Numerical simulation and machine learning framework approach for ballistic performance evaluation of aluminium structures,Tota Rakesh Kumar,totarakeshk@imu.ac.in,India,10.1016/j.rineng.2025.108788
machine learning,A data-driven hybrid machine learning approach for total agricultural yield prediction with integrated resource efficiency analysis,Nirmaladevi S.,jagatheswari.s@vit.ac.in,India,10.1016/j.hazadv.2026.101242
machine learning,Machine Learning (ML) driven classification and optimization of silica fume- polypropylene fiber induced geopolymer concrete using clustering and regression techniques,Rayana Harika,harika_r@vnrvjiet.in,India,10.1016/j.nxmate.2026.102389
machine learning,Machine learning based prediction on mechanical and wear characterization of sisal fiber reinforced dolomite dust-epoxy hybrid composites,Devasri Fuloria,gauravgupta@vit.ac.in,India,10.1016/j.jmrt.2026.01.210
machine learning,Unveiling the adsorption behaviour of nitrogen-doped porous carbons (NDPCs) towards carbon dioxide capture using machine learning techniques,Sarvesh Namdeo,"vimalcsr@yahoo.co.in, vimal.srivastava@ch.iitr.ac.in",India,10.1016/j.scca.2025.100148
machine learning,"Metaheuristic and machine learning methods for microgrid optimization: Applications, validation trends, and research opportunities",Thirumoorthy Ramasamy,thiruvenkadam.s@vit.ac.in,India,10.1016/j.ecmx.2026.102074
machine learning,Dual-band terahertz graphene–MXene–silver metasurface biosensor for brain tumor screening and early detection using machine learning,R. P. Sumithra,"rp_sumithra@nc.amrita.edu, pm_sivaraja@nc.amrita.edu, manjunathana.ece@krct.ac.in",India,10.1016/j.sbsr.2026.101001
machine learning,Label-free analysis of osteoarthritic subchondral bone using Raman spectroscopy combined with machine learning,Gavish Uppal,rajeshkumar@iitrpr.ac.in,India,10.1016/j.procs.2026.06.254
machine learning,Machine learning-assisted prediction of mechanical and wear properties in friction stir welded AA7075/graphene nanoplatelet composites,Rahul Biradar,"priyaranjan.sharma@jaipur.manipal.edu, sachinkumar.patil@reva.edu.in",India,10.1016/j.mtcomm.2026.114955
machine learning,Addressing mixed pixel challenges in crop mapping: An integrated remote sensing and machine learning framework,Gayathri M Pillai,"mpillaigayu@gmail.com, katiyarsk@manit.ac.in",India,10.1016/j.fraope.2026.100516
machine learning,“I quit because…”: A psychological interpretation of push-pull dynamics of employee attrition informed by explainable machine learning,Samant Saurabh,"Vinit.ghosh@manipal.edu, samyadip@imi-k.edu.in, nishitks@ibsindia.org, r.mukherjee@imi-k.edu.in, samant@iimbg.ac.in",India,10.1016/j.actpsy.2026.106869
machine learning,Comment on “Machine learning–based prediction of CAC-defined cardiovascular risk using routine health examination data: a retrospective cross-sectional study in a Taiwanese population”,G. Manjula,"Prabjot906@gmail.com, manjula-ise@dsatm.edu.in",India,10.1016/j.jfma.2026.03.018
machine learning,Mental Stress Prediction Using Physiological Signals: An Analysis on Wearable Sensors Using a Machine Learning Approach,Raghuwansh Singh,rs.22ee1105@phd.nitdgp.ac.in,India,10.1016/j.procs.2026.06.156
machine learning,Multi-Stage Machine Learning and Graph-Based Novel Framework for Predicting Quasar Redshifts,Sathwik Narkedimilli,kns.pavan.dysl-sm@gov.in,India,10.1016/j.procs.2026.06.222
machine learning,Predictive modeling and stability analysis of tetradecanoic acid-modified zinc/zinc oxide coatings using machine learning,Himanshu Prasad Mamgain,"pravatpati.me@geu.ac.in, himanshu.mamgain@ddn.upes.ac.in",India,10.1016/j.nxmate.2025.101336
machine learning,CFD-driven machine learning prediction of heat transfer enhancement of ternary hybrid nanofluids in turbulent mixed convection channel flow,M. Gopika,harish.r@vit.ac.in,India,10.1016/j.sajce.2026.100931
machine learning,Machine learning enhanced terahertz metasurface biosensor based on MXene–Graphene–Black phosphorus heterostructure for peptide detection,G. Arunachalam,"sprabhu@sidtm.edu.in, anandk.ece@citchennai.net, udayakumar@kahedu.edu.in, arunachalam@gct.org.in",India,10.1016/j.rinp.2026.108603
machine learning,Identification of atypical sputum microbial markers in chronic obstructive pulmonary disease using machine learning,Paramita Roy,"angiradasgupta@gmail.com, ssaha4@jcbose.ac.in, paramita95@jcbose.ac.in",India,10.1016/j.insi.2026.100510
machine learning,Smart broadband thermal absorption across solar spectrum using machine learning-optimized nanodisk slotted resonator metamaterial solar thermal absorber for industrial heating applications,Raj Agravat,"yogesh.sharma2@sharda.ac.in, fayzahrani@uqu.edu.sa, uvsbhu@gmail.com",India,10.1016/j.csite.2025.107585
machine learning,Stress detection using a novel human opinion dynamics based machine learning method,Anita Goyal,"director-research@rayatbahrauniversity.edu.in, anita.goyal@rayatbahrauniversity.edu.in",India,10.1016/j.sftr.2026.101672
machine learning,Decoding weight-gain patterns in tungsten-containing refractory high-entropy alloys under high-temperature oxidation through machine learning,Sheetal Kumar Dewangan,"vkt@iiti.ac.in, byungmin@ajou.ac.kr",India,10.1016/j.jmrt.2025.10.189
machine learning,Detecting and forecasting financial bubbles in the Indian stock market using machine learning models,Mahalakshmi Manian,parthajit@mse.ac.in,India,10.1016/j.iimb.2025.100591
machine learning,Forecasting oil recovery under polymer enhanced oil recovery technique using machine learning,Atman Madhumaya,"atmanmadhumaya@kgpian.iitkgp.ac.in, subhadipmaiti@iitkgp.ac.in, aditya11@iitkgp.ac.in, sandeep.kulkarni@iitkgp.ac.in",India,10.1016/j.rineng.2026.109216
machine learning,A data-driven comparative analysis of Agile and Waterfall methodologies: Predicting cost and schedule variances using statistical and machine learning approaches,Utkarsh Mishra,"utkarsh.mishra2021@vitstudent.ac.in, ganesh.narayanan@vit.ac.in",India,10.1016/j.array.2025.100665
machine learning,Modeling intercity travel mode choice: Uncovering key factor interactions with machine learning,Loganayagan Shanmugam,"murugesan6raamin@gmail.com, loganayagan.civil@kitech.edu.in",India,10.1016/j.kscej.2025.100481
machine learning,Scalable Machine Learning-as-a-Service: A Federated and Cloud-Native Approach for Privacy-Preserving AI,Deepak Kumar Chohan,piyush.bagla@ddn.upes.ac.in,India,10.1016/j.procs.2026.06.221
machine learning,Comment on “Comparative performance of machine learning and conventional scoring systems for neuroprognostication in out-of-hospital cardiac arrest survivors”,V. Vasudha Rani,"drpanuganti.vasavi@mallareddyuniversity.ac.in, vasudharani.v@gmrit.edu.in, scientific.researcher333@outlook.com",India,10.1016/j.jfma.2026.03.109
machine learning,Prognostication of electrical properties of polyaniline composites using machine learning approaches,Rakshith V Bharadwaj,vishnuvardhan.cy.ns@msruas.ac.in,India,10.1016/j.mtcomm.2025.114511
machine learning,Integration of geospatial techniques and machine learning in land parcel prediction,Nekkanti Haripavan,shubhashish.rs.civ13@itbhu.ac.in,India,10.1016/j.geogeo.2025.100371
machine learning,Predicting social media engagement in higher educational institutions: A machine learning approach,Biplab Bhattacharjee,"sheena@nitk.edu.in, biplab.data1@gmail.com, moinak.maiti@wits.ac.za, drsheenasuresh@gmail.com, maitisot@gmail.com, bbhattacharjee@jgu.edu.in",India,10.1016/j.jdec.2026.04.002
machine learning,"Advanced machine learning assisted prediction of multi-fiber hybrid natural fiber/epoxy composites based on jute, coconut coir, banana, and pineapple leaf fibers",P. Sundaravadivel,"shrutishyami@gmail.com, sundar.me2009@gmail.com",India,10.1016/j.jmrt.2026.06.235
machine learning,Applications of machine learning in financial transactions: A method-centric review,Bollimuntha Kavya Sai,g_bharathimohan@ch.amrita.edu,India,10.1016/j.jjimei.2026.100414
machine learning,Predicting compressive strength of composite concrete materials by integrating machine learning techniques,H. R. Mahalingegowda,"subramanya.prabhu@manipal.edu, durgaprasi71@gmail.com",India,10.1016/j.apples.2026.100329
machine learning,Rapid neutron and gamma-ray source localization using machine learning,Dhruv Garg,dbreiten@umich.edu,India,10.1016/j.nima.2026.171815
machine learning,<ce:italic>In-Silico</ce:italic> and Machine Learning-Based Evaluation of Dipeptide Inhibitors Targeting Isoleucyl-tRNA Synthetase in Dermatophytic Fungal Infection,Anshika Raj,"rknagaraaja@gmail.com, snigs1990@gmail.com",India,10.1016/j.curpro.2026.100126
machine learning,Early detection of diabetes with quantum machine learning and causal inference techniques,Paramita Basak Upama,"paramitabasak.upama@marquette.edu, mhaque@butler.edu, kalam2@govst.edu",India,10.1016/j.mlwa.2026.100900
machine learning,Advanced predictive systems for identifying carcinogens powered by machine learning,Kusum Yadav,tabib_shahzadah@outlook.com,India,10.1016/j.sciaf.2026.e03517
machine learning,"Transforming brain healthcare through the integration of MedAI, IoT technologies, and machine learning",AR. Sivakumaran,"harionto@gmail.com, prashantece403@gmail.com, karthick.arul@gmail.com, sivakumaransns@gmail.com",India,10.1016/j.asej.2026.104113
machine learning,Forced oscillation analysis using physics-based and machine learning models on a comprehensive dataset library,Deepak Joshi,"habib.wajid@wsu.edu, mani@wsu.edu, saugat.ghimire@wsu.edu, deepak.joshi@wsu.edu",India,10.1016/j.epsr.2026.113694
machine learning,Early calendar life and health prediction of silicon batteries via machine learning with uncertainty quantification,Nina Prakash,nina.prakash@nlr.gov,India,10.1016/j.xcrp.2026.103250
machine learning,An approximation theory perspective on machine learning,Hrushikesh N. Mhaskar,ajagtap@wpi.edu,India,10.1016/j.neunet.2026.108841
machine learning,Enhancing dielectric properties of ABS material by 3D printing approach and predicting dielectric properties via machine learning framework,Shunmugesh K.,vishwanatha.hm@manipal.edu,India,10.1016/j.mtcomm.2026.115678
machine learning,Label-free surface-enhanced Raman spectroscopy and machine learning for rapid classification and quantification of bovine respiratory disease complex viruses,Amit Kumar,zhaoy@uga.edu,India,10.1016/j.talanta.2026.130265
machine learning,"Experimental, statistical, and machine learning assessment of basalt–steel hybrid fiber reinforced concrete",R Shanthi Vengadeshwari,pc.pandit@manipal.edu,India,10.1016/j.rinma.2026.100953
machine learning,"A hybrid geospatial framework for flood hazard zonation using AHP and machine learning: Case study of Kaziranga Tiger Reserve, India",Toushif Jaman,"snehashisalam@gmail.com, sk291937@gmail.com, toushifpu@gmail.com, suraj.kumar.labs@gmail.com",India,10.1016/j.gespch.2026.100021
machine learning,Machine learning driven multi omics and probiotic integration for precision colorectal cancer management,Renukadevi Jeyavelkumaran,"nimithasree2005@gmail.com, neelarenu@gmail.com, samhelintoj@gmail.com, mridulasaravanan05@gmail.com, jananikumaran2008@gmail.com",India,10.1016/j.bioana.2026.05.002
machine learning,Machine learning for analysis and fourier transform infrared spectroscopy characterization of titanium hydroxyapatite composite,Swati K. Dhamale,paithankars22@gmail.com,India,10.1016/j.nxmate.2026.101887
machine learning,Driving manoeuvre classification for autonomous vehicles using machine learning techniques,K. G. Nandhakumar,sulaiman@cse.sastra.edu,India,10.1016/j.procs.2026.05.056
machine learning,CAD to characterization: Machine learning on experimental data for additively manufactured helical distillation columns,Vignesh Jayavelu,vignesh.jayavelu@kit.edu,India,10.1016/j.seppur.2026.137337
machine learning,Physics-Informed Machine Learning for Smart Additive Manufacturing,Rahul Sharma,yuebin.guo@rutgers.edu,India,10.1016/j.procir.2026.01.112
machine learning,Machine learning-driven advances in nanotechnology: From materials design to process optimization – A review,Juhi Jannat Mim,juhijannat190@gmail.com,India,10.1016/j.mtcomm.2025.114485
machine learning,Feature-Based Machine Learning Models for Psoriasis Classification,Archana K N,archanakknn@gmail.com,India,10.1016/j.procs.2026.06.504
machine learning,Noninvasive Assessment of the Ulnar Nerve in the Upper Extremity Using Machine Learning,Akhil Dondapati,akhil_dondapati@urmc.rochester.edu,India,10.1016/j.jhsg.2026.100953
machine learning,"Ensemble of stochastic models, machine learning, deep learning and wavelet based techniques: A Whale optimization approach",Ranjit Kumar Paul,"yeasin.iasri@gmail.com, ranjitstat@gmail.com, christophe.chesneau@gmail.com, SondiponSamanta@gmail.com",India,10.1016/j.iswa.2026.200643
machine learning,Machine learning-based prediction of diesel engine performance fuelled with waste cooking oil biodiesel blends,Anjaneya G,aymenadem914@gmail.com,India,10.1016/j.ijft.2026.101603
machine learning,Remote sensing and machine learning for inferred mariculture site suitability in data-limited tropical coasts: A case study from the Philippines,Ankitha Manohar,eeaman@leeds.ac.uk,India,10.1016/j.ecoinf.2026.103908
machine learning,Optimized Machine Learning Approaches for Skin Disease Classification in Dermatology,Kannan Balasubramanian,kannanb6@gmail.com,India,10.1016/j.procs.2026.06.041
machine learning,Direct entropy generation modeling of two-phase condensation in horizontal tube with machine-learning-based inverse prediction and hybrid optimization for data-center cooling,Bhaskar Halder,mhossa26@uic.edu,India,10.1016/j.applthermaleng.2026.132380
machine learning,Real-time Quality Monitoring of Wire EDM Process Using Machine Learning,Akshay Paranjape,akshay.paranjape@iconpro.com,India,10.1016/j.procir.2026.01.175
machine learning,Auto sensor and machine learning driven design of electrochemical desalination units for high efficiency brine management,V. M. Rajanandhini,vm.rajanandhini@gmail.com,India,10.1016/j.dwt.2026.101675
machine learning,Emerging frontiers in machine learning-assisted design of functional nanomaterials,Avvaru Praveen Kumar,"drkumar.kr@gmail.com, vsr.maddike@gmail.com, varra123@gmail.com",India,10.1016/j.nxmate.2026.101975
machine learning,Automatic pomegranate quality classification using machine learning and transfer learning,A. Kumari,abibanlangaya@gmail.com,India,10.1016/j.procs.2026.05.155
machine learning,PhyTENG: A physics-informed machine learning framework for modelling contact - separation triboelectric nanogenerators,Shashank Mishra,smishra2@ed.ac.uk,India,10.1016/j.nanoen.2026.112004
machine learning,Forecasting CPU and Memory Usage in Cloud Workloads Using Task Metadata: A Machine Learning Approach on Google Cluster Data,Naween Kumar,kukreja.sonal@gmail.com,India,10.1016/j.procs.2026.06.265
machine learning,Cover crop biomass estimation using UAV-based multispectral feature fusion and machine learning,Jaydeo K. Dharpure,gurjinder.baath@ag.tamu.edu,India,10.1016/j.atech.2026.102350
machine learning,Cheminformatic and Machine Learning based Approach for Predicting Drug Candidates,Jisha R C,manjushanair@am.amrita.edu,India,10.1016/j.procs.2026.05.170
machine learning,A machine learning-assisted prediction of potential biochar yield subjected to the physicochemical properties of biomass,Tanushka Florence Panicker,"ranjeet.mishra@manipal.edu, raji.krish@manipal.edu",India,10.1016/j.fuel.2025.137836
machine learning,Predictive modeling of nanoparticle–bacteria interactions: machine learning approaches for antimicrobial response forecasting,Kusum Yadav,Zarghuna.hekmatyar@outlook.com,India,10.1016/j.chphi.2026.101032
machine learning,Delicious Apple External Quality Analysis Based on Visual Characteristics Using Machine Learning,Aabid Hussain Mir,narinder733.nv@gmail.com,India,10.1016/j.procs.2026.05.050
machine learning,A review on the role of machine learning in enabling digital twins for process–structure mapping and alloy design in additive manufacturing,Pranav Abishai Moses,narendra.dahotre@unt.edu,India,10.1016/j.mtcomm.2026.115253
machine learning,Performance comparison of sampling techniques with machine learning algorithms for churn prediction in telecommunication,B. Shunmuga Priya,chitraganesan2008@gmail.com,India,10.1016/j.fraope.2025.100402
machine learning,Detecting optimal biomarkers in ovarian cancer cells from high-dimensional mRNA expression data using machine learning,Rama Krishna Thelagathoti,M.Rohan.Fernando@boystown.org,India,10.1016/j.cmpb.2026.109263
machine learning,Machine Learning-Enhanced Secure Cryptographic System for Resource-Constrained Unmanned Aerial Vehicles Communication,Supriya Kamble,supriyakamble18@rediffmail.com,India,10.1016/j.procs.2026.06.209
machine learning,Brain-inspired quantum machine learning architecture and its benchmarking on astronomical classification,Subhash S. Pandey,"X.Liang@kingston.ac.uk, h.wu6@herts.ac.uk, subhashshankarpandeyy@gmail.com, mousamphysics137@gmail.com, D.Makris@kingston.ac.uk, c.kalyvas@herts.ac.uk",India,10.1016/j.ascom.2026.101168
machine learning,Hybrid-PSP: Hybrid Machine Learning Techniques for Predicting Student Performance,Simmi John,simmijohn77@gmail.com,India,10.1016/j.procs.2026.06.052
machine learning,Machine learning-based prediction and analysis of dimensional accuracy in fused deposition modelling of Nylon-Aramid fibre composite parts,Kallambadi Sadashivappa Prashanth,"dinosingh@hotmail.co.uk, balachandra.achar@manipal.edu",India,10.1016/j.measurement.2026.122509
machine learning,Machine learning-assisted hierarchical electromagnetic Co-design of double-D wireless charging pads for electric vehicles,Yuvaraja Shanmugam,narayanamoorthi.r@gmail.com,India,10.1016/j.rineng.2026.111490
machine learning,An interpretable machine learning approach for shear capacity prediction of prestressed UHPC bridge girders with GUI deployment,Rishav Jaiswal,i.muhit@tees.ac.uk,India,10.1016/j.istruc.2026.111793
machine learning,"Critical analysis of advanced machine learning and deep learning models for crop disease detection: Challenges, innovations, and future directions",Yashika Saini,narendra.khatri@manipal.edu,India,10.1016/j.fraope.2026.100584
machine learning,A Hybrid Fuzzy Logic and Machine Learning Framework for Emotion Classification in Bodo Speech Using Prosodic Features,Narottam Bhattacharjee,heynarottam@gmail.com,India,10.1016/j.procs.2026.06.414
machine learning,A Hybrid Quantum-Classical Machine Learning Framework for Accelerated Drug Discovery,Sriramadasu Sri Sainadh,srinivasarao@av.amrita.edu,India,10.1016/j.procs.2026.05.089
machine learning,Characterization of the Fourier amplitude spectrum in New Zealand using machine learning,Debarati Hati,jennamariajaleen@gmail.com,India,10.1016/j.geoai.2026.100099
machine learning,How does soil depth vary in semiarid central India? Insights from machine learning–based mapping for crop management,Ravindra Naitam,"pravashiari@gmail.com, ravindranaitam@gmail.com",India,10.1016/j.ecz.2026.100080
machine learning,Comprehensive analysis of tea concentrates with machine learning assisted sensory characterization,Pratima Roy Dina,iftekhar-ttc@sust.edu,India,10.1016/j.afres.2026.101896
machine learning,Physical characterization and hybrid modeling of erosion wear in industrial waste-filled glass/epoxy composites using machine learning and computational fluid dynamics,Pravat Ranjan Pati,"mr.abhilash.purohit@gmail.com, abhishektiwariiitr@gmail.com",India,10.1016/j.jmrt.2026.06.028
machine learning,An adaptive bandwidth scheduling algorithm for IoT devices using machine learning techniques,Kumar Saurabh,kumar.saurabh00@gmail.com,India,10.1016/j.fraope.2026.100492
machine learning,High-throughput machine learning-aided antibody discovery for cell surface antigens,Deepash Kothiwal,rob.meijers@proteininnovation.org,India,10.1016/j.cels.2026.101645
machine learning,Comparative Analysis of Machine Learning Algorithms on Simulated Cyber Attacks Dataset,Ravi Shankar Jha,ravishankarjha87@gmail.com,India,10.1016/j.procs.2026.05.145
machine learning,Sophisticated bio-sensing architecture for anxiety identification using enhanced machine learning techniques,Shivendra Dubey,"pranshu.iirs@gmail.com, sachinit1212@gmail.com, sakshi.pateriya27@gmail.com, shivendrashivay@gmail.com",India,10.1016/j.medntd.2025.100405
machine learning,Physics-informed machine learning for battery heat generation estimation and temperature prediction with minimal experimentation,Ashima Kalathingal,"T.Dinh@warwick.ac.uk, Ashima.Kalathingal@warwick.ac.uk, Mona.Faraji-Niri@warwick.ac.uk, Jishnu-Ak.Ayyangatu-Kuzhiyil@warwick.ac.uk, T.Grandjean@warwick.ac.uk",India,10.1016/j.egyai.2026.100808
machine learning,Prediction of soil available nitrogen using machine learning and digital mapping techniques in Northeast India,Amit Kumar,amit_bio80@yahoo.com,India,10.1016/j.envc.2025.101375
machine learning,Ensuring Scholarship Integrity: Detecting and Classifying Fraud in Digital Applications Using Machine Learning,Shruti Nair,amolvibhute2011@gmail.com,India,10.1016/j.procs.2026.04.152
machine learning,Motivation-Aware Learning: An Explainable Machine Learning Approach for Predicting Student Performance and Supporting Personalized Interventions,Y Jaspine Bami Rani,jeevanandamj@gmail.com,India,10.1016/j.procs.2026.05.106
machine learning,Development of machine learning models for the precise identification of potential molecules active against pancreatic Cancer,Sushobhan Chowdhury,"sushobhanchem10@gmail.com, mpparlewar@gmail.com",India,10.1016/j.rechem.2026.103425
machine learning,Aboveground biomass mapping and uncertainty estimation in tropical forests using machine learning with multispectral and SAR data,Naveen Babu Kanda,ayyappan.n@ifpindia.org,India,10.1016/j.tfp.2026.101271
machine learning,Free-Living Human Activity Recognition (FL-HAR) using Frequency Domain Feature and Machine Learning Algorithms,Arpitha S,arpithasuvarna98@gmail.com,India,10.1016/j.procs.2026.05.141
machine learning,"The acquisition of native language phonotactics: Integrating insights from machine learning, and adult and infant experiments",Megha Sundara,"cbreiss@usc.edu, megha.sundara@humnet.ucla.edu",India,10.1016/j.cognition.2026.106525
machine learning,ERP-Integrated Cost Value Reconciliation Automation in Construction Main Contracting Organizations Using a Hybrid Machine Learning Framework,Baisil Varughese Oommen,"yasemin.nielsen@hw.ac.uk, bvo2000@hw.ac.uk, g.godawatte@hw.ac.uk",India,10.1016/j.rineng.2026.109862
machine learning,Development and validation of a machine learning model to predict mandibular third molar impaction and associated complications: A retrospective observational study,Nancy Jidiya,"sravanthiennala5@gmail.com, parthrathiomfs@gmail.com, drfaizcp@gmail.com, shikhardaniel555@gmail.com, Farzhana.habeeb@gmail.com, Nancygediya30@gmail.com",India,10.1016/j.jobcr.2025.10.026
machine learning,Machine learning-based battery life prediction and smart charging optimization for renewable energy storage systems,Subhash Kumar Mandal,"subhashkumarmandal@ipsacademy.org, yogendrasinghdohare@ipsacademy.org, pankajpateriya@ipsacademy.org",India,10.1016/j.fub.2026.100147
machine learning,Machine learning-driven design of low-density Ta-Nb-W-V-Zr-Ti-Mo refractory high-entropy alloys for high-temperature applications,Himanshu Sharma,"reliancegprs@gmail.com, krajarao218@gmail.com",India,10.1016/j.jalmes.2025.100199
machine learning,Machine learning for computational fracture and damage mechanics— Status and perspectives,Allamaprabhu Ani,s.a.ponnusami@qmul.ac.uk,India,10.1016/j.engfracmech.2025.111778
machine learning,Machine learning-driven discovery of hard magnetic materials using high-throughput computation and screening,Anita Halder,hucar@cpp.edu,India,10.1016/j.actamat.2025.121347
machine learning,Understanding charge radii with machine learning: Discovering physics expressions,B. Maheshwari,bhoomika.physics@gmail.com,India,10.1016/j.physletb.2025.140102
machine learning,Machine learning-driven computational drug repurposing to identify new tubulin inhibitors against cancer,Neelima Neelima,v.jha2@bradford.ac.uk,India,10.1016/j.bmc.2026.118587
machine learning,Computational and physical considerations for the development of machine learning augmented turbulence models,Niloy Gupta,kdur@umich.edu,India,10.1016/j.ijheatfluidflow.2025.110089
machine learning,"Machine learning driven assessment of climate and land use change impacts on water resources in the Kharun River Basin, Central-Eastern India",Vipin Kumar Mishra,"mvipin508@gmail.com, aktswc@gmail.com",India,10.1016/j.indic.2025.101031
machine learning,Development of a technique to identify μm-sized organic matter in asteroidal material: An approach using machine learning,Rahul Kumar,rahul.201006@gmail.com,India,10.1016/j.acags.2025.100277
machine learning,Artificial intelligence and machine learning in diagnosing and managing temporomandibular disorders: A systematic review and meta-analysis,Vaishnavi Rajaraman,vaishnavir.sdc@saveetha.com,India,10.1016/j.jobcr.2025.09.013
machine learning,Numerical modelling in assisting machine learning for the enhanced condition monitoring of rotors,Anil Kumar,anil_taneja86@yahoo.com,India,10.1016/j.rineng.2025.107250
machine learning,Comment on “Developing machine learning-enhanced WHODAS 2.0 short forms for persons with dementia”,Priyanka Kaushik,"researchdoctor05@gmail.com, rathoresaurabhsingh@gmail.com",India,10.1016/j.jfma.2026.05.077
machine learning,"Premature ventricular contraction–mediated ventricular fibrillation: Clinical characteristics, application of machine-learning algorithm, and outcomes of catheter ablation—A case series",Abhishek Maan,"elhamrti.mustapha@gmail.com, nchatter@uw.edu",India,10.1016/j.hroo.2026.03.002
machine learning,Comment on “Machine learning–based prediction of CAC-defined cardiovascular risk using routine health examination data: a retrospective cross-sectional study in a Taiwanese population”,P. S. L. Narasimharao Davuluri,"pslnarasimharao.davuluri@ieee.org, avinashreddysegireddy@gmail.com, gouthamkumarsheelam@gmail.com",India,10.1016/j.jfma.2026.04.089
machine learning,"Satellite-derived turbidity and salinity mapping for desalination plant site selection using remote sensing, GIS, and machine learning",T. Mithila,"mithicse@gmail.com, tmithila299@gmail.com",India,10.1016/j.dwt.2025.101482
machine learning,A Data Driven Cryptanalysis of S-AES using Machine Learning Technique,Priti Halder,prityhalder98@gmail.com,India,10.1016/j.procs.2026.06.298
machine learning,From Cuffs to Code: Machine Learning in Non-Invasive Blood Pressure Monitoring,Ravi Pal,ajoosten@mednet.ucla.edu,India,10.1016/j.accpm.2025.101655
machine learning,Experimental and machine learning investigation of dry sliding wear behavior in multiwall carbon nanotube reinforced stir-cast Al7475 alloy,K. B. Yuvaraj,dinesha.p@manipal.edu,India,10.1016/j.jmrt.2025.12.084
machine learning,"A critical review of statistical, signal processing and machine learning methods for continuous and high-frequency water quality data improvement",A. T. Badrudeen,"pike@clemson.edu, dsahooo@clemson.edu, calvins@clemson.edu, abadrud@clemson.edu, daren.harmel@usda.gov",India,10.1016/j.ecoinf.2026.103619
machine learning,Enhancing Maternal Health Risk Prediction: Addressing Class Imbalance with Oversampling and Machine Learning,Vandani Verma,jtpandey@amity.edu,India,10.1016/j.procs.2026.06.603
machine learning,Detection of spotted wing drosophila hidden infestation in blueberry using hyperspectral imaging and machine learning,Priyanka Dahiya,christopher.kucha@uga.edu,India,10.1016/j.jafr.2025.102175
machine learning,"Comment on “accuracy of machine learning models for mitral regurgitation severity assessment: A systematic review and meta-analysis""",Sharyu Ikhar,"yogeshn@researcherconnect.com, drshrivastava2020@gmail.com, publicationsglobal3@gmail.com",India,10.1016/j.ijcrp.2026.200666
machine learning,Opinion mining in e-commerce: Evaluating machine learning approaches for sentiment analysis,L. Lakshmi,"scientificresearchglobe@gmail.com, dkunada@gitam.edu, laxmi.slv@ifheindia.org",India,10.1016/j.rico.2025.100575
Usability Testing,Refining emotional labour metrics: The hospitality situational judgement test,Ramyani Kundu,ramyani.kundu22ph@iimranchi.ac.in,India,10.1016/j.iimb.2026.100674
Usability Testing,Development and preliminary evaluation of a Filter Quality Testing System,Kirti Jalgaonkar,"asm@icar.org.in, manoj.mahawar@icar.org.in, jalgaonkar.kirti@icar.org.in, jagajanantha.p@icar.org.in",India,10.1016/j.clet.2026.101235
Usability Testing,Probing the mechanical anisotropy of FDM-printed alumina through miniature mechanical testing and densification-induced strength enhancement via precursor infiltration,Mayank Mishra,nvrk@iitm.ac.in,India,10.1016/j.oceram.2026.100951
Usability Testing,Ranking the wear test parameters of a hybrid ZE41 composite by means of Taguchi and Grey Relational Analysis,Anand. N,"senthilkumaran.s@vit.ac.in, anand.n2019@vitstudent.ac.in, senthilkumaranselvaraj82@gmail.com",India,10.1016/j.nxmate.2026.101873
Usability Testing,Target product profile to guide development of next generation diagnostic test for <ce:italic>Salmonella enterica</ce:italic>: Responding to the crisis of drug resistant typhoid,Hina Singh,"nitin.bansal3011@gmail.com, bhawna.amr@gmail.com, sharmasankhyan@gmail.com, hina.icmr@gmail.com, drneelampgi@gmail.com, dr_crodrigues@hindujahospital.com, waliakamini@yahoo.co.in, kamini.walia@icmr.gov.in, vbalaji@cmcvellore.ac.in, kriti.sikri@icmr.gov.in",India,10.1016/j.jiph.2026.103177
Usability Testing,Mechanical behavior and pressure-dependent porosity evolution in porous sandstone and limestone using triaxial deformation tests,Puspendu Saha,smisra@iitk.ac.in,India,10.1016/j.jrmge.2026.03.052
Usability Testing,Thermodynamic split conjecture and an observational test for cosmological entropy,Oem Trivedi,oem.t@ahduni.edu.in,India,10.1016/j.dark.2026.102255
Usability Testing,An observational study to test the potency of GLP-grade phenol-free lyophilised leishmanin antigen formulation,Thalia Pacheco-Fernandez,"sanjay.singh@gennova.co.in, Sreenivas.gannavaram@fda.hhs.gov, shinjiro@nagasaki-u.ac.jp, Abhay.satoskar@osumc.edu, hira.nakhasi@fda.hhs.gov",India,10.1016/j.ebiom.2026.106246
Usability Testing,Application of advanced non-destructive testing for detection of corrosion-induced damage in graphene oxide based concrete composite,Jai Srivastava,"2023395319.jai@dr.sharda.ac.in, tushar.bennett@gmail.com",India,10.1016/j.hybadv.2026.100652
Usability Testing,Integrating enzyme assay and molecular genetic testing for early diagnosis of infantile-onset Pompe disease: A case report,Anuradha Sharma,mvashist14@mdurohtak.ac.in,India,10.1016/j.ymgmr.2025.101283
Usability Testing,"Failure modes, safety concerns, testing protocol, and advancement in lithium-ion battery technology",Mohammad Waseem,waseem159088@st.jmi.ac.in,India,10.1016/j.fub.2025.100113
Usability Testing,"Testing exponential <ce:italic>f</ce:italic>(<ce:italic>R</ce:italic>) gravity with CMB, DESI-DR2, and supernova data",Saurabh Verma,"ms_barak@igu.ac.in, saurabh.math.rs@igu.ac.in, pradhan.anirudh@gmail.com, archanadixit@gurugramuniversity.ac.in",India,10.1016/j.physletb.2026.140539
Usability Testing,"Cascade strengthening and test choice are complementary, not competing in Indian cervical cancer screening",Khushwant Singh,Kavitha.dh@icmr.gov.in,India,10.1016/j.gloepi.2026.100277
Usability Testing,Performance evaluation of CFRP woven composite pipes: experimental testing and finite element analysis,Senthil Maharaj Kennedy,vasanthan@mepcoeng.ac.in,India,10.1016/j.rinp.2025.108380
Usability Testing,QUALITY: Quick Unified Automation Leveraging Intelligent Test Yield,Soham Patel,"31232588@vupune.ac.in, anyandoro@regent.edu, sohamphdresearch@gmail.com, kailas.patil@vupune.ac.in",India,10.1016/j.simpa.2026.100823
Usability Testing,Multimetallic graphene-coated THz metasurface biosensor for high-sensitivity hCG detection in pregnancy testing: A simulation study,K. Vijayakumar,"kumaravelk.sdc@saveetha.com, arunkumar.udayakumar@kahedu.edu.in, subhas.it@mkce.ac.in, anushkannan@kathir.ac.in, k.vijayakumar@smcw.siu.edu.in",India,10.1016/j.sintl.2025.100351
Usability Testing,Implementation of circulating tumor DNA (ctDNA) testing in precision oncology: A four-year experience from a tertiary cancer center in India,Pradnya Joshi,"ramyasiyer13@gmail.com, sonamsuresh20@gmail.com, pradnyajoshi987@gmail.com, arora29aditi@gmail.com, junejaarchita@gmail.com, nkarnik23691@gmail.com, prarthna.shah94@gmail.com, omshreens@gmail.com, shettyoa@tmc.gov.in, prachipawar1015@gmail.com, prachibapat20@gmail.com, mansimulay96@gmail.com, arunanair1996@gmail.com, s_shambhavi@yahoo.com, paitrupti777@gmail.com, sangeetabedesai@gmail.com, ujwal.shetty05@gmail.com, gauriwagh89@gmail.com, sjaiswar1994@gmail.com",India,10.1016/j.jlb.2025.100319
Usability Testing,Bayes factor functions for testing partial correlation coefficients,Saptati Datta,saptati@tamu.edu,India,10.1016/j.jmp.2026.103009
Usability Testing,"Stress tests, labor demand, and the dynamic adjustment of private firms",Raja Kali,"ayliu@uark.edu, rkali@walton.uark.edu",India,10.1016/j.jbankfin.2026.107766
Usability Testing,Collaborative studies to establish WHO International Reference Reagents for diphtheria and tetanus antitoxin for use in the flocculation test,Shalini Rajagopal,laura.hassall@mhra.gov.uk,India,10.1016/j.biologicals.2026.101896
Usability Testing,Breaking four-point and three-point bending tests,Subhrangsu Saha,"pamies@illinois.edu, jroesler@illinois.edu, saha15@illinois.edu",India,10.1016/j.ijsolstr.2026.114169
Usability Testing,Small volume dissolution test method for Oro-dispersible films containing rabeprazole sodium and ondansetron hydrochloride,Kunjan Bodiwala,bodiwala@dr.com,India,10.1016/j.jpbao.2026.100114
Usability Testing,"A novel high-speed waterjet erosion test rig: Development, characterization, and calibration with industry standard",Amrit Kumar,kwing-so.choi@nottingham.ac.uk,India,10.1016/j.wear.2026.206736
Usability Testing,Laboratory level sky dome test setup for studying urban thermal environment,E. V. S. Kiran Kumar Donthu,kirankumar.devs@gmail.com,India,10.1016/j.inv.2026.100060
Usability Testing,Validation of Control Classifications Using the Chronic Rhinosinusitis Control Test as Comprehensive Reflections of Disease Burden,Nikhil Parail,sedaghat@uc.edu,India,10.1016/j.jaip.2026.04.006
Usability Testing,"Diagnostic performance of urine-based versus cervical swab human papillomavirus testing among women in a high-burden region in Northeastern, India: A prospective cross-sectional study.",Zomuanpuii Colney,swagnik.roy1442@gmail.com,India,10.1016/j.eurox.2026.100457
Usability Testing,Short-beam shear testing of porous bouligand structured polymers,Praveenkumar Subhash Patil,parvez.alam@ed.ac.uk,India,10.1016/j.mtcomm.2026.115719
Usability Testing,Genetic testing aids diagnosis in post mid-trimester pregnancy termination of anomalous fetuses,Vaidehi Rakholia,drjamuar@gmail.com,India,10.1016/j.rare.2026.100126
Usability Testing,A Faster and Scalable Framework for Testing Web Application Firewalls Against XSS Payloads,Achuth VP,jayakumarp@am.amrita.edu,India,10.1016/j.procs.2026.05.055
Usability Testing,Can positive mental imagery help high worriers stop worrying? An experimental test,Yogini Sawjani,colette.hirsch@kcl.ac.uk,India,10.1016/j.jbtep.2026.102108
Usability Testing,Cellular responses of human Muller glia exposed to test dust pollution,Maumita Datta,Ahackam@miami.edu,India,10.1016/j.envpol.2026.127968
Usability Testing,Trends in lipoprotein(a) testing and impact on clinical care: A contemporary systemwide analysis,Mahima Mangla,egianos@northwell.edu,India,10.1016/j.ajpc.2025.101402
Usability Testing,RNA NGS testing provides additional diagnostic and prognostic information over metaphase karyotyping in routine clinical evaluation of acute leukemias and chronic myeloid neoplasms,Shikha Malhotra,cookj2@ccf.org,India,10.1016/j.humpath.2026.106105
Usability Testing,Comparative analysis of roadside drug testing laws and technologies: Policy and enforcement recommendations for India,Mohit Nayal,mohitnayal16@gmail.com,India,10.1016/j.ssaho.2026.102644
Usability Testing,The tipping point: Testing the impact of unfamiliar currency on international tourists' tip size,Kapil Khandeparkar,giridhar.kamath@manipal.edu,India,10.1016/j.actpsy.2026.107101
Usability Testing,Feasibility and Impact of Invasive Coronary Function Testing in Ischemia and No Obstructive Coronary Arteries: A Single-Center Study,Deeksha Acharya,MGulati@houstonmethodist.org,India,10.1016/j.jscai.2026.104272
Usability Testing,"Epilepsy of infancy with migrating focal seizures: A scoping review of clinical features, diagnostic testing including genetics, long-term outcomes, mortality, and current and emerging therapeutic strategies",Debopam Samanta,dsamanta@uams.edu,India,10.1016/j.yebeh.2026.111218
Usability Testing,Diagnosis of platelet dysfunction in children: clinical predictors and test methods,Bhavya S. Doshi,bhavya.doshi@emory.edu,India,10.1016/j.bvth.2025.100135
Usability Testing,On the dynamic equilibrium of square cross-section specimens in compression split hopkinson pressure bar tests,Subramani Sockalingam,sockalin@cec.sc.edu,India,10.1016/j.ijimpeng.2026.105785
Usability Testing,Biophysical and biochemical disruption of photosystem II photochemistry in <ce:italic>Trigonella foenum-graecum</ce:italic> under waste motor oil–induced toxicity: Insights from OJIP transients and JIP-test analysis,Komal Sharma,vineetsonijnu@gmail.com,India,10.1016/j.jpap.2026.100293
Usability Testing,Preferences for tuberculosis diagnostic test features among people tested for tuberculosis: a multicountry discrete choice experiment,Kinari Shah,andrew.kerkhoff@ucsf.edu,India,10.1016/j.lanprc.2025.100012
Usability Testing,Digital pathology enabling lean management of HER2/neu testing in breast Cancer,Aishwarya Sharma,"prarthna.shah94@gmail.com, draishwarya309@gmail.com",India,10.1016/j.jpi.2025.100515
Usability Testing,Exosome-mediated antiviral testing system and identification of Punicalagins and Anthocyanidins as promising antiviral agents against SARS-CoV-2,Raghuram Kandimalla,rcgupta@louisville.edu,India,10.1016/j.biopha.2026.119111
Usability Testing,The hook test for rupture of tibialis anterior tendon,Om Lahoti,omlahoti@mac.com,India,10.1016/j.fastrc.2025.100533
Usability Testing,Bioprinting for drug screening: A path toward reducing animal testing or redefining preclinical research?,Harshavardhan Budharaju,kimhw@dku.edu,India,10.1016/j.bioactmat.2025.07.006
Usability Testing,Optimizing formability of incremental sheet forming using the straight groove test assessed with a variable wall angle conical frustum,Ravi Prakash Singh,ravi.p.singh@warwick.ac.uk,India,10.1016/j.mfglet.2025.06.054
Usability Testing,Cochran–Mantel–Haeszel stratified-adjusted test for multiple odds ratios,Asmita Ghoshal,jchen@bgsu.edu,India,10.1016/j.spl.2025.110464
Usability Testing,Assessment of enamel rating testing as a quality inspection tool for food can applications,Koushik Kosanam,Kosanam.1@buckeyemail.osu.edu,India,10.1016/j.fpsl.2025.101549
Usability Testing,Comment on “Genetic testing for adult-onset neurodegenerative diseases: A clinical perspective”,Khushhali M. Pandey,menaria.khushhali@gmail.com,India,10.1016/j.jfma.2026.05.101
Usability Testing,"Diagnostic accuracy of low-complexity, manual nucleic acid amplification tests for the detection of pulmonary and extrapulmonary tuberculosis in adults and adolescents: a systematic review and meta-analysis∗",Leeberk Raja Inbaraj,leeberk2003@gmail.com,India,10.1016/j.lanmic.2025.101169
Usability Testing,The spatial distribution of tests of conservation interventions does not align with global conservation needs,Anindita Anjan,a.christie@imperial.ac.uk,India,10.1016/j.biocon.2025.111313
Usability Testing,Optimizing pre-genetic diagnosis of monogenic diabetes: clinical thresholds for targeted testing,Pichakacheri Sureshkumar,sureshkumar.doctor@gmail.com,India,10.1016/j.endmts.2025.100243
Usability Testing,A contemporary review of the head-up tilt test: Utility and limitations,Ameya Udyavar,drameya@gmail.com,India,10.1016/j.ihj.2025.03.014
Usability Testing,Dose-response assessment of dipentyl phthalate effects on testosterone production and morphogenesis of late-gestation fetal rat testis,Maansi V. Gupta,"daniel_spade@brown.edu, susan_hall@brown.edu, lambright.christy@epa.gov, conley.justin@epa.gov, gray.earl@epa.gov, maansi_gupta@alumni.brown.edu",India,10.1016/j.envint.2025.109551
